0,0,47,1,0,0,0,0,123,12,0,0,1,1,0.1,0.07,0,255,12,0.05,0.06,0,0,0,0,1,1,0
0,0,47,1,0,0,0,0,133,6,0,0,1,1,0.05,0.06,0,255,6,0.02,0.06,0,0,0,0,1,1,0
0,0,47,1,0,0,0,0,143,16,0,0,1,1,0.11,0.06,0,255,16,0.06,0.05,0,0,0,0,1,1,0
0,0,47,1,0,0,0,0,108,6,0,0,1,1,0.06,0.07,0,255,6,0.02,0.06,0,0,0,0,1,1,0
0,0,47,1,0,0,0,0,117,18,0,0,1,1,0.15,0.07,0,255,18,0.07,0.06,0,0,0,0,1,1,0
0,0,47,1,0,0,0,0,127,7,0,0,1,1,0.06,0.07,0,255,7,0.03,0.06,0,0,0,0,1,1,0
0,0,47,1,0,0,0,0,137,17,0,0,1,1,0.12,0.07,0,255,17,0.07,0.06,0,0,0,0,1,1,0
0,0,47,1,0,0,0,0,147,18,0,0,1,1,0.12,0.06,0,255,18,0.07,0.05,0,0,0,0,1,1,0
0,0,47,1,0,0,0,0,107,11,0,0,1,1,0.1,0.06,0,255,11,0.04,0.05,0,0,0,0,1,1,0
0,0,47,1,0,0,0,0,117,2,0,0,1,1,0.02,0.06,0,255,2,0.01,0.05,0,0,0,0,1,1,0
0,0,47,1,0,0,0,0,127,12,0,0,1,1,0.09,0.06,0,255,12,0.05,0.05,0,0,0,0,1,1,0
0,0,47,1,0,0,0,0,137,2,0,0,1,1,0.01,0.06,0,255,2,0.01,0.05,0,0,0,0,1,1,0
0,0,47,1,0,0,0,0,98,11,0,0,1,1,0.11,0.06,0,255,11,0.04,0.05,0,0,0,0,1,1,0
0,0,47,1,0,0,0,0,105,18,0,0,1,1,0.17,0.06,0,255,18,0.07,0.05,0,0,0,0,1,1,0
0,0,47,1,0,0,0,0,115,7,0,0,1,1,0.06,0.07,0,255,7,0.03,0.06,0,0,0,0,1,1,0
0,0,47,1,0,0,0,0,125,5,0,0,1,1,0.04,0.06,0,255,5,0.02,0.06,0,0,0,0,1,1,0
0,0,47,1,0,0,0,0,135,15,0,0,1,1,0.11,0.06,0,255,15,0.06,0.06,0,0,0,0,1,1,0
0,0,47,1,0,0,0,0,95,2,0,0,1,1,0.02,0.06,0,255,2,0.01,0.06,0,0,0,0,1,1,0
0,0,47,1,0,0,0,0,105,7,0,0,1,1,0.07,0.07,0,255,7,0.03,0.06,0,0,0,0,1,1,0
0,0,47,1,0,0,0,0,115,17,0,0,1,1,0.15,0.06,0,255,17,0.07,0.06,0,0,0,0,1,1,0
0,0,47,1,0,0,0,0,125,7,0,0,1,1,0.06,0.06,0,255,7,0.03,0.06,0,0,0,0,1,1,0
0,0,47,1,0,0,0,0,135,17,0,0,1,1,0.13,0.06,0,255,17,0.07,0.06,0,0,0,0,1,1,0
0,0,47,1,0,0,0,0,109,14,0,0,1,1,0.13,0.06,0,255,14,0.05,0.06,0,0,0,0,1,1,0
0,0,47,1,0,0,0,0,119,5,0,0,1,1,0.04,0.06,0,255,5,0.02,0.05,0,0,0,0,1,1,0
0,0,47,1,0,0,0,0,129,15,0,0,1,1,0.12,0.05,0,255,15,0.06,0.05,0,0,0,0,1,1,0
0,0,47,1,0,0,0,0,139,5,0,0,1,1,0.04,0.06,0,255,5,0.02,0.06,0,0,0,0,1,1,0
0,0,47,1,0,0,0,0,149,15,0,0,1,1,0.1,0.05,0,255,15,0.06,0.05,0,0,0,0,1,1,0
0,0,47,1,0,0,0,0,109,5,0,0,1,1,0.05,0.06,0,255,5,0.02,0.06,0,0,0,0,1,1,0
0,0,47,1,0,0,0,0,119,15,0,0,1,1,0.13,0.06,0,255,15,0.06,0.05,0,0,0,0,1,1,0
0,0,47,1,0,0,0,0,129,5,0,0,1,1,0.04,0.06,0,255,5,0.02,0.06,0,0,0,0,1,1,0
0,0,47,1,0,0,0,0,139,15,0,0,1,1,0.11,0.06,0,255,15,0.06,0.05,0,0,0,0,1,1,0
0,0,47,1,0,0,0,0,149,5,0,0,1,1,0.03,0.06,0,255,5,0.02,0.06,0,0,0,0,1,1,0
0,0,47,1,0,0,0,0,109,6,0,0,1,1,0.06,0.07,0,255,6,0.02,0.06,0,0,0,0,1,1,0
0,0,47,1,0,0,0,0,119,16,0,0,1,1,0.13,0.07,0,255,16,0.06,0.06,0,0,0,0,1,1,0
0,0,47,1,0,0,0,0,129,11,0,0,1,1,0.09,0.06,0,255,11,0.04,0.06,0,0,0,0,1,1,0
0,0,47,1,0,0,0,0,97,12,0,0,1,1,0.12,0.06,0,255,12,0.05,0.06,0,0,0,0,1,1,0
0,0,47,1,0,0,0,0,107,3,0,0,1,1,0.03,0.07,0,255,3,0.01,0.05,0,0,0,0,1,1,0
0,0,47,1,0,0,0,0,117,13,0,0,1,1,0.11,0.06,0,255,13,0.05,0.05,0,0,0,0,1,1,0
0,0,47,1,0,0,0,0,127,2,0,0,1,1,0.02,0.06,0,255,2,0.01,0.06,0,0,0,0,1,1,0
0,0,47,1,0,0,0,0,137,12,0,0,1,1,0.09,0.06,0,255,12,0.05,0.06,0,0,0,0,1,1,0
0,0,47,1,0,0,0,0,97,5,0,0,1,1,0.05,0.06,0,255,5,0.02,0.06,0,0,0,0,1,1,0
0,0,47,1,0,0,0,0,107,13,0,0,1,1,0.12,0.06,0,255,13,0.05,0.05,0,0,0,0,1,1,0
0,0,47,1,0,0,0,0,117,3,0,0,1,1,0.03,0.06,0,255,3,0.01,0.06,0,0,0,0,1,1,0
0,0,47,1,0,0,0,0,127,13,0,0,1,1,0.1,0.06,0,255,13,0.05,0.06,0,0,0,0,1,1,0
0,0,47,1,0,0,0,0,137,3,0,0,1,1,0.02,0.06,0,255,3,0.01,0.06,0,0,0,0,1,1,0
0,0,47,1,0,0,0,0,105,5,0,0,1,1,0.05,0.07,0,255,5,0.02,0.06,0,0,0,0,1,1,0
0,0,47,1,0,0,0,0,115,15,0,0,1,1,0.13,0.06,0,255,15,0.06,0.05,0,0,0,0,1,1,0
0,0,47,1,0,0,0,0,125,9,0,0,1,1,0.07,0.06,0,255,9,0.04,0.06,0,0,0,0,1,1,0
0,0,47,1,0,0,0,0,135,19,0,0,1,1,0.14,0.06,0,255,19,0.07,0.05,0,0,0,0,1,1,0
0,0,47,1,0,0,0,0,145,16,0,0,1,1,0.11,0.06,0,255,16,0.06,0.05,0,0,0,0,1,1,0
0,0,47,1,0,0,0,0,104,3,0,0,1,1,0.03,0.08,0,255,3,0.01,0.06,0,0,0,0,1,1,0
0,0,47,1,0,0,0,0,114,7,0,0,1,1,0.06,0.08,0,255,7,0.03,0.06,0,0,0,0,1,1,0
0,0,47,1,0,0,0,0,124,17,0,0,1,1,0.14,0.07,0,255,17,0.07,0.06,0,0,0,0,1,1,0
0,0,47,1,0,0,0,0,134,9,0,0,1,1,0.07,0.07,0,255,9,0.04,0.06,0,0,0,0,1,1,0
0,0,47,1,0,0,0,0,144,19,0,0,1,1,0.13,0.06,0,255,19,0.07,0.05,0,0,0,0,1,1,0
0,0,47,1,0,0,0,0,102,3,0,0,1,1,0.03,0.07,0,255,3,0.01,0.06,0,0,0,0,1,1,0
0,0,47,1,0,0,0,0,112,8,0,0,1,1,0.07,0.07,0,255,8,0.03,0.06,0,0,0,0,1,1,0
0,0,47,1,0,0,0,0,122,18,0,0,1,1,0.15,0.07,0,255,18,0.07,0.06,0,0,0,0,1,1,0
0,0,47,1,0,0,0,0,132,14,0,0,1,1,0.11,0.06,0,255,14,0.05,0.06,0,0,0,0,1,1,0
0,0,47,1,0,0,0,0,140,20,0,0,1,1,0.14,0.06,0,255,20,0.08,0.06,0,0,0,0,1,1,0
0,0,47,1,0,0,0,0,101,10,0,0,1,1,0.1,0.07,0,255,10,0.04,0.06,0,0,0,0,1,1,0
0,0,47,1,0,0,0,0,111,6,0,0,1,1,0.05,0.07,0,255,6,0.02,0.06,0,0,0,0,1,1,0
0,0,47,1,0,0,0,0,121,16,0,0,1,1,0.13,0.07,0,255,16,0.06,0.06,0,0,0,0,1,1,0
0,0,47,1,0,0,0,0,131,13,0,0,1,1,0.1,0.06,0,255,13,0.05,0.06,0,0,0,0,1,1,0
0,0,47,1,0,0,0,0,141,20,0,0,1,1,0.14,0.06,0,255,20,0.08,0.05,0,0,0,0,1,1,0
0,0,47,1,0,0,0,0,101,8,0,0,1,1,0.08,0.06,0,255,8,0.03,0.05,0,0,0,0,1,1,0
0,0,47,1,0,0,0,0,111,18,0,0,1,1,0.16,0.05,0,255,18,0.07,0.05,0,0,0,0,1,1,0
0,0,47,1,0,0,0,0,121,8,0,0,1,1,0.07,0.06,0,255,8,0.03,0.06,0,0,0,0,1,1,0
0,0,47,1,0,0,0,0,131,18,0,0,1,1,0.14,0.05,0,255,18,0.07,0.05,0,0,0,0,1,1,0
0,0,47,1,0,0,0,0,141,7,0,0,1,1,0.05,0.06,0,255,7,0.03,0.06,0,0,0,0,1,1,0
0,0,47,1,0,0,0,0,110,17,0,0,1,1,0.15,0.05,0,255,17,0.07,0.05,0,0,0,0,1,1,0
0,0,14,2,0,0,0,0,120,8,0,0,1,1,0.07,0.06,0,255,8,0.03,0.05,0,0,0,0,1,1,0
0,0,14,2,0,0,0,0,130,18,0,0,1,1,0.14,0.05,0,255,18,0.07,0.05,0,0,0,0,1,1,0
0,0,32,2,0,0,0,0,140,8,0,0,1,1,0.06,0.06,0,255,8,0.03,0.06,0,0,0,0,1,1,0
0,0,32,2,0,0,0,0,150,17,0,0,1,1,0.11,0.05,0,255,17,0.07,0.06,0,0,0,0,1,1,0
0,0,46,2,0,0,0,0,110,4,0,0,1,1,0.04,0.07,0,255,4,0.02,0.06,0,0,0,0,1,1,0
0,0,46,2,0,0,0,0,120,14,0,0,1,1,0.12,0.07,0,255,14,0.05,0.06,0,0,0,0,1,1,0
0,0,51,2,0,0,0,0,130,4,0,0,1,1,0.03,0.07,0,255,4,0.02,0.06,0,0,0,0,1,1,0
0,0,51,2,0,0,0,0,140,14,0,0,1,1,0.1,0.06,0,255,14,0.05,0.06,0,0,0,0,1,1,0
0,0,47,1,0,0,0,0,100,7,0,0,1,1,0.07,0.06,0,255,7,0.03,0.06,0,0,0,0,1,1,0
0,0,47,1,0,0,0,0,110,17,0,0,1,1,0.15,0.05,0,255,17,0.07,0.05,0,0,0,0,1,1,0
0,0,47,1,0,0,0,0,120,8,0,0,1,1,0.07,0.06,0,255,8,0.03,0.05,0,0,0,0,1,1,0
0,0,47,1,0,0,0,0,130,18,0,0,1,1,0.14,0.05,0,255,18,0.07,0.05,0,0,0,0,1,1,0
0,0,47,1,0,0,0,0,140,8,0,0,1,1,0.06,0.06,0,255,8,0.03,0.05,0,0,0,0,1,1,0
0,0,47,1,0,0,0,0,100,16,0,0,1,1,0.16,0.07,0,255,16,0.06,0.06,0,0,0,0,1,1,0
0,0,47,1,0,0,0,0,110,8,0,0,1,1,0.07,0.07,0,255,8,0.03,0.06,0,0,0,0,1,1,0
0,0,47,1,0,0,0,0,120,18,0,0,1,1,0.15,0.07,0,255,18,0.07,0.06,0,0,0,0,1,1,0
0,0,13,1,0,0,0,0,130,9,0,0,1,1,0.07,0.06,0,255,9,0.04,0.06,0,0,0,0,1,1,0
0,0,47,1,0,0,0,0,140,19,0,0,1,1,0.14,0.06,0,255,19,0.07,0.05,0,0,0,0,1,1,0
0,0,47,1,0,0,0,0,101,7,0,0,1,1,0.07,0.06,0,255,7,0.03,0.06,0,0,0,0,1,1,0
0,0,47,1,0,0,0,0,111,2,0,0,1,1,0.02,0.07,0,255,2,0.01,0.06,0,0,0,0,1,1,0
0,0,47,1,0,0,0,0,121,12,0,0,1,1,0.1,0.07,0,255,12,0.05,0.06,0,0,0,0,1,1,0
0,0,47,1,0,0,0,0,131,9,0,0,1,1,0.07,0.06,0,255,9,0.04,0.06,0,0,0,0,1,1,0
0,0,47,1,0,0,0,0,141,19,0,0,1,1,0.13,0.06,0,255,19,0.07,0.06,0,0,0,0,1,1,0
0,0,47,1,0,0,0,0,105,17,0,0,1,1,0.16,0.06,0,255,17,0.07,0.05,0,0,0,0,1,1,0
0,0,47,1,0,0,0,0,115,7,0,0,1,1,0.06,0.06,0,255,7,0.03,0.05,0,0,0,0,1,1,0
0,0,47,1,0,0,0,0,125,17,0,0,1,1,0.14,0.06,0,255,17,0.07,0.05,0,0,0,0,1,1,0
0,0,47,1,0,0,0,0,135,7,0,0,1,1,0.05,0.06,0,255,7,0.03,0.06,0,0,0,0,1,1,0
0,0,47,1,0,0,0,0,145,17,0,0,1,1,0.12,0.06,0,255,17,0.07,0.05,0,0,0,0,1,1,0
0,0,47,1,0,0,0,0,108,5,0,0,1,1,0.05,0.08,0,255,5,0.02,0.07,0,0,0,0,1,1,0
0,0,47,1,0,0,0,0,118,15,0,0,1,1,0.13,0.08,0,255,15,0.06,0.06,0,0,0,0,1,1,0
0,0,47,1,0,0,0,0,128,5,0,0,1,1,0.04,0.07,0,255,5,0.02,0.06,0,0,0,0,1,1,0
0,0,47,1,0,0,0,0,138,15,0,0,1,1,0.11,0.07,0,255,15,0.06,0.06,0,0,0,0,1,1,0
0,0,47,1,0,0,0,0,148,19,0,0,1,1,0.13,0.06,0,255,19,0.07,0.06,0,0,0,0,1,1,0
0,0,47,1,0,0,0,0,108,15,0,0,1,1,0.14,0.06,0,255,15,0.06,0.06,0,0,0,0,1,1,0
0,0,47,1,0,0,0,0,118,5,0,0,1,1,0.04,0.07,0,255,5,0.02,0.06,0,0,0,0,1,1,0
0,0,47,1,0,0,0,0,128,15,0,0,1,1,0.12,0.06,0,255,15,0.06,0.06,0,0,0,0,1,1,0
0,0,3,1,0,0,0,0,138,7,0,0,1,1,0.05,0.06,0,255,7,0.03,0.06,0,0,0,0,1,1,0
0,0,3,1,0,0,0,0,148,17,0,0,1,1,0.11,0.05,0,255,17,0.07,0.05,0,0,0,0,1,1,0
0,0,47,1,0,0,0,0,108,9,0,0,1,1,0.08,0.06,0,255,9,0.04,0.05,0,0,0,0,1,1,0
0,0,47,1,0,0,0,0,118,1,0,0,1,1,0.01,0.07,0,255,1,0,0.06,0,0,0,0,1,1,0
0,0,47,1,0,0,0,0,128,11,0,0,1,1,0.09,0.06,0,255,11,0.04,0.06,0,0,0,0,1,1,0
0,0,3,1,0,0,0,0,138,20,0,0,1,1,0.14,0.06,0,255,20,0.08,0.05,0,0,0,0,1,1,0
0,0,47,1,0,0,0,0,99,7,0,0,1,1,0.07,0.06,0,255,7,0.03,0.06,0,0,0,0,1,1,0
0,0,47,1,0,0,0,0,109,17,0,0,1,1,0.16,0.06,0,255,17,0.07,0.05,0,0,0,0,1,1,0
0,0,47,1,0,0,0,0,119,8,0,0,1,1,0.07,0.06,0,255,8,0.03,0.05,0,0,0,0,1,1,0
0,0,47,1,0,0,0,0,129,18,0,0,1,1,0.14,0.05,0,255,18,0.07,0.05,0,0,0,0,1,1,0
0,0,47,1,0,0,0,0,139,8,0,0,1,1,0.06,0.06,0,255,8,0.03,0.06,0,0,0,0,1,1,0
0,0,47,1,0,0,0,0,101,19,0,0,1,1,0.19,0.06,0,255,19,0.07,0.05,0,0,0,0,1,1,0
0,0,47,1,0,0,0,0,111,9,0,0,1,1,0.08,0.06,0,255,9,0.04,0.05,0,0,0,0,1,1,0
0,0,47,1,0,0,0,0,121,19,0,0,1,1,0.16,0.06,0,255,19,0.07,0.05,0,0,0,0,1,1,0
0,0,47,1,0,0,0,0,131,9,0,0,1,1,0.07,0.06,0,255,9,0.04,0.05,0,0,0,0,1,1,0
0,0,64,2,0,0,0,0,108,8,0,0,1,1,0.07,0.06,0,255,8,0.03,0.05,0,0,0,0,1,1,0
0,0,47,1,0,0,0,0,118,10,0,0,1,1,0.08,0.07,0,255,10,0.04,0.06,0,0,0,0,1,1,0
0,0,47,1,0,0,0,0,128,20,0,0,1,1,0.16,0.06,0,255,20,0.08,0.06,0,0,0,0,1,1,0
0,0,64,2,0,0,0,0,138,9,0,0,1,1,0.07,0.07,0,255,9,0.04,0.06,0,0,0,0,1,1,0
0,0,47,1,0,0,0,0,148,19,0,0,1,1,0.13,0.06,0,255,19,0.07,0.06,0,0,0,0,1,1,0
0,0,64,2,0,0,0,0,108,15,0,0,1,1,0.14,0.07,0,255,15,0.06,0.07,0,0,0,0,1,1,0
0,0,47,1,0,0,0,0,118,5,0,0,1,1,0.04,0.07,0,255,5,0.02,0.06,0,0,0,0,1,1,0
0,0,47,1,0,0,0,0,128,15,0,0,1,1,0.12,0.06,0,255,15,0.06,0.06,0,0,0,0,1,1,0
0,0,47,1,0,0,0,0,138,7,0,0,1,1,0.05,0.06,0,255,7,0.03,0.06,0,0,0,0,1,1,0
0,0,47,1,0,0,0,0,148,17,0,0,1,1,0.11,0.05,0,255,17,0.07,0.05,0,0,0,0,1,1,0
0,0,28,1,0,0,0,0,107,4,0,0,1,1,0.04,0.07,0,255,4,0.02,0.06,0,0,0,0,1,1,0
0,0,28,1,0,0,0,0,117,13,0,0,1,1,0.11,0.07,0,255,13,0.05,0.06,0,0,0,0,1,1,0
0,0,29,1,0,0,0,0,127,6,0,0,1,1,0.05,0.06,0,255,6,0.02,0.06,0,0,0,0,1,1,0
0,0,29,1,0,0,0,0,137,16,0,0,1,1,0.12,0.06,0,255,16,0.06,0.06,0,0,0,0,1,1,0
0,0,47,1,0,0,0,0,96,5,0,0,1,1,0.05,0.06,0,255,5,0.02,0.07,0,0,0,0,1,1,0
0,0,47,1,0,0,0,0,106,2,0,0,1,1,0.02,0.07,0,255,2,0.01,0.06,0,0,0,0,1,1,0
0,0,47,1,0,0,0,0,116,4,0,0,1,1,0.03,0.07,0,255,4,0.02,0.06,0,0,0,0,1,1,0
0,0,47,1,0,0,0,0,126,14,0,0,1,1,0.11,0.06,0,255,14,0.05,0.06,0,0,0,0,1,1,0
0,0,47,1,0,0,0,0,136,17,0,0,1,1,0.12,0.06,0,255,17,0.07,0.06,0,0,0,0,1,1,0
0,0,47,1,0,0,0,0,95,14,0,0,1,1,0.15,0.06,0,255,14,0.05,0.06,0,0,0,0,1,1,0
0,0,47,1,0,0,0,0,105,5,0,0,1,1,0.05,0.07,0,255,5,0.02,0.06,0,0,0,0,1,1,0
0,0,47,1,0,0,0,0,115,15,0,0,1,1,0.13,0.06,0,255,15,0.06,0.05,0,0,0,0,1,1,0
0,0,47,1,0,0,0,0,125,5,0,0,1,1,0.04,0.06,0,255,5,0.02,0.06,0,0,0,0,1,1,0
0,0,47,1,0,0,0,0,135,15,0,0,1,1,0.11,0.06,0,255,15,0.06,0.05,0,0,0,0,1,1,0
0,0,47,1,0,0,0,0,105,5,0,0,1,1,0.05,0.07,0,255,5,0.02,0.06,0,0,0,0,1,1,0
0,0,47,1,0,0,0,0,117,16,0,0,1,1,0.14,0.06,0,255,16,0.06,0.06,0,0,0,0,1,1,0
0,0,47,1,0,0,0,0,127,6,0,0,1,1,0.05,0.06,0,255,6,0.02,0.06,0,0,0,0,1,1,0
0,0,47,1,0,0,0,0,137,16,0,0,1,1,0.12,0.06,0,255,16,0.06,0.06,0,0,0,0,1,1,0
0,0,47,1,0,0,0,0,147,6,0,0,1,1,0.04,0.06,0,255,6,0.02,0.06,0,0,0,0,1,1,0
0,0,47,1,0,0,0,0,107,8,0,0,1,1,0.07,0.07,0,255,8,0.03,0.07,0,0,0,0,1,1,0
0,0,47,1,0,0,0,0,117,13,0,0,1,1,0.11,0.06,0,255,13,0.05,0.06,0,0,0,0,1,1,0
0,0,47,1,0,0,0,0,127,3,0,0,1,1,0.02,0.06,0,255,3,0.01,0.06,0,0,0,0,1,1,0
0,0,47,1,0,0,0,0,137,13,0,0,1,1,0.09,0.06,0,255,13,0.05,0.06,0,0,0,0,1,1,0
0,0,47,1,0,0,0,0,147,18,0,0,1,1,0.12,0.05,0,255,18,0.07,0.05,0,0,0,0,1,1,0
0,0,47,1,0,0,0,0,107,7,0,0,1,1,0.07,0.07,0,255,7,0.03,0.06,0,0,0,0,1,1,0
0,0,47,1,0,0,0,0,117,17,0,0,1,1,0.15,0.07,0,255,17,0.07,0.06,0,0,0,0,1,1,0
0,0,47,1,0,0,0,0,130,11,0,0,1,1,0.08,0.06,0,255,11,0.04,0.05,0,0,0,0,1,1,0
0,0,47,1,0,0,0,0,91,1,0,0,1,1,0.01,0.07,0,255,1,0,0.05,0,0,0,0,1,1,0
0,0,47,1,0,0,0,0,275,15,0,0,1,1,0.05,0.05,0,255,15,0.06,0.05,0,0,0,0,1,1,0
0,0,47,1,0,0,0,0,285,5,0,0,1,1,0.02,0.06,0,255,5,0.02,0.06,0,0,0,0,1,1,0
0,0,47,1,0,0,0,0,295,5,0,0,1,1,0.02,0.06,0,255,5,0.02,0.06,0,0,0,0,1,1,0
0,0,47,1,0,0,0,0,205,3,0,0,1,1,0.01,0.07,0,255,3,0.01,0.06,0,0,0,0,1,1,0
0,0,47,1,0,0,0,0,215,8,0,0,1,1,0.04,0.07,0,255,8,0.03,0.06,0,0,0,0,1,1,0
0,0,47,1,0,0,0,0,225,13,0,0,1,1,0.06,0.06,0,255,13,0.05,0.06,0,0,0,0,1,1,0
0,0,47,1,0,0,0,0,235,3,0,0,1,1,0.01,0.06,0,255,3,0.01,0.06,0,0,0,0,1,1,0
0,0,47,1,0,0,0,0,245,6,0,0,1,1,0.02,0.07,0,255,6,0.02,0.06,0,0,0,0,1,1,0
0,0,47,1,0,0,0,0,255,9,0,0,1,1,0.04,0.06,0,255,9,0.04,0.06,0,0,0,0,1,1,0
0,0,47,1,0,0,0,0,265,16,0,0,1,1,0.06,0.06,0,255,16,0.06,0.06,0,0,0,0,1,1,0
0,0,47,1,0,0,0,0,275,10,0,0,1,1,0.04,0.06,0,255,10,0.04,0.06,0,0,0,0,1,1,0
0,0,47,1,0,0,0,0,285,15,0,0,1,1,0.05,0.06,0,255,15,0.06,0.06,0,0,0,0,1,1,0
0,0,47,1,0,0,0,0,295,20,0,0,1,1,0.07,0.05,0,255,20,0.08,0.05,0,0,0,0,1,1,0
0,0,47,1,0,0,0,0,205,5,0,0,1,1,0.02,0.06,0,255,5,0.02,0.06,0,0,0,0,1,1,0
0,0,47,1,0,0,0,0,215,5,0,0,1,1,0.02,0.06,0,255,5,0.02,0.06,0,0,0,0,1,1,0
0,0,47,1,0,0,0,0,225,15,0,0,1,1,0.07,0.06,0,255,15,0.06,0.06,0,0,0,0,1,1,0
0,0,47,1,0,0,0,0,235,15,0,0,1,1,0.06,0.06,0,255,15,0.06,0.06,0,0,0,0,1,1,0
0,0,47,1,0,0,0,0,245,5,0,0,1,1,0.02,0.06,0,255,5,0.02,0.06,0,0,0,0,1,1,0
0,0,47,1,0,0,0,0,255,5,0,0,1,1,0.02,0.06,0,255,5,0.02,0.06,0,0,0,0,1,1,0
0,0,47,1,0,0,0,0,265,15,0,0,1,1,0.06,0.06,0,255,15,0.06,0.05,0,0,0,0,1,1,0
0,0,47,1,0,0,0,0,275,15,0,0,1,1,0.05,0.05,0,255,15,0.06,0.05,0,0,0,0,1,1,0
0,0,47,1,0,0,0,0,285,5,0,0,1,1,0.02,0.06,0,255,5,0.02,0.06,0,0,0,0,1,1,0
0,0,47,1,0,0,0,0,295,5,0,0,1,1,0.02,0.06,0,255,5,0.02,0.06,0,0,0,0,1,1,0
0,0,47,1,0,0,0,0,205,9,0,0,1,1,0.04,0.07,0,255,9,0.04,0.07,0,0,0,0,1,1,0
0,0,47,1,0,0,0,0,215,18,0,0,1,1,0.08,0.07,0,255,18,0.07,0.07,0,0,0,0,1,1,0
0,0,47,1,0,0,0,0,225,19,0,0,1,1,0.08,0.07,0,255,19,0.07,0.07,0,0,0,0,1,1,0
0,0,47,1,0,0,0,0,235,9,0,0,1,1,0.04,0.07,0,255,9,0.04,0.07,0,0,0,0,1,1,0
0,0,47,1,0,0,0,0,245,9,0,0,1,1,0.04,0.07,0,255,9,0.04,0.06,0,0,0,0,1,1,0
0,0,47,1,0,0,0,0,255,19,0,0,1,1,0.07,0.06,0,255,19,0.07,0.06,0,0,0,0,1,1,0
0,0,47,1,0,0,0,0,265,19,0,0,1,1,0.07,0.06,0,255,19,0.07,0.06,0,0,0,0,1,1,0
0,0,47,1,0,0,0,0,275,10,0,0,1,1,0.04,0.06,0,255,10,0.04,0.06,0,0,0,0,1,1,0
0,0,47,1,0,0,0,0,285,9,0,0,1,1,0.03,0.06,0,255,9,0.04,0.06,0,0,0,0,1,1,0
0,0,47,1,0,0,0,0,295,20,0,0,1,1,0.07,0.05,0,255,20,0.08,0.06,0,0,0,0,1,1,0
0,0,47,1,0,0,0,0,209,19,0,0,1,1,0.09,0.07,0,255,19,0.07,0.07,0,0,0,0,1,1,0
0,0,47,1,0,0,0,0,219,9,0,0,1,1,0.04,0.07,0,255,9,0.04,0.07,0,0,0,0,1,1,0
0,0,47,1,0,0,0,0,229,9,0,0,1,1,0.04,0.07,0,255,9,0.04,0.07,0,0,0,0,1,1,0
0,0,47,1,0,0,0,0,239,19,0,0,1,1,0.08,0.06,0,255,19,0.07,0.07,0,0,0,0,1,1,0
0,0,47,1,0,0,0,0,249,19,0,0,1,1,0.08,0.06,0,255,19,0.07,0.07,0,0,0,0,1,1,0
0,0,47,1,0,0,0,0,259,10,0,0,1,1,0.04,0.06,0,255,10,0.04,0.06,0,0,0,0,1,1,0
0,0,47,1,0,0,0,0,269,10,0,0,1,1,0.04,0.06,0,255,10,0.04,0.05,0,0,0,0,1,1,0
4,0,45,9,28,93,0,1,1,1,0,0,0,0,1,0,0,255,248,0.97,0.01,0,0,0,0,0,0,1
4,0,45,9,30,93,0,1,1,1,0,0,0,0,1,0,0,255,248,0.97,0.01,0,0,0,0,0,0,1
4,0,45,9,30,93,0,1,1,1,0,0,0,0,1,0,0,255,248,0.97,0.01,0,0,0,0,0,0,1
4,0,45,9,30,93,0,1,1,1,0,0,0,0,1,0,0,255,248,0.97,0.01,0,0,0,0,0,0,1
4,0,45,9,28,93,0,1,1,1,0,0,0,0,1,0,0,255,248,0.97,0.01,0,0,0,0,0,0,1
4,0,45,9,30,93,0,1,1,1,0,0,0,0,1,0,0,255,248,0.97,0.01,0,0,0,0,0,0,1
4,0,45,9,30,93,0,1,1,1,0,0,0,0,1,0,0,255,248,0.97,0.01,0,0,0,0,0,0,1
4,0,45,9,30,93,0,1,1,1,0,0,0,0,1,0,0,255,248,0.97,0.01,0,0,0,0,0,0,1
4,0,45,9,28,93,0,1,1,1,0,0,0,0,1,0,0,255,248,0.97,0.01,0,0,0,0,0,0,1
4,0,45,9,30,93,0,1,1,1,0,0,0,0,1,0,0,255,248,0.97,0.01,0,0,0,0,0,0,1
4,0,45,9,30,93,0,1,1,1,0,0,0,0,1,0,0,255,248,0.97,0.01,0,0,0,0,0,0,1
5,0,45,9,30,93,0,1,1,1,0,0,0,0,1,0,0,255,248,0.97,0.01,0,0,0,0,0,0,1
4,0,45,9,28,93,0,1,1,1,0,0,0,0,1,0,0,255,248,0.97,0.01,0,0,0,0,0,0,1
4,0,45,9,30,93,0,1,1,1,0,0,0,0,1,0,0,255,248,0.97,0.01,0,0,0,0,0,0,1
4,0,45,9,30,93,0,1,1,1,0,0,0,0,1,0,0,255,248,0.97,0.01,0,0,0,0,0,0,1
4,0,45,9,30,93,0,1,1,1,0,0,0,0,1,0,0,255,248,0.97,0.01,0,0,0,0,0,0,1
4,0,45,9,28,93,0,1,1,1,0,0,0,0,1,0,0,255,248,0.97,0.01,0,0,0,0,0,0,1
4,0,45,9,30,93,0,1,1,1,0,0,0,0,1,0,0,255,248,0.97,0.01,0,0,0,0,0,0,1
4,0,45,9,30,93,0,1,1,1,0,0,0,0,1,0,0,255,248,0.97,0.01,0,0,0,0,0,0,1
6,0,45,9,30,93,0,1,1,1,0,0,0,0,1,0,0,255,248,0.97,0.01,0,0,0,0,0,0,1
4,0,45,9,28,93,0,1,1,1,0,0,0,0,1,0,0,255,248,0.97,0.01,0,0,0,0,0,0,1
3,0,45,9,30,93,0,1,1,1,0,0,0,0,1,0,0,255,248,0.97,0.01,0,0,0,0,0,0,1
4,0,45,9,30,93,0,1,1,1,0,0,0,0,1,0,0,255,248,0.97,0.01,0,0,0,0,0,0,1
4,0,45,9,30,93,0,1,1,1,0,0,0,0,1,0,0,255,248,0.97,0.01,0,0,0,0,0,0,1
3,0,45,9,28,93,0,1,1,1,0,0,0,0,1,0,0,255,248,0.97,0.01,0,0,0,0,0,0,1
4,0,45,9,30,93,0,1,1,1,0,0,0,0,1,0,0,255,248,0.97,0.01,0,0,0,0,0,0,1
4,0,45,9,30,93,0,1,1,1,0,0,0,0,1,0,0,255,248,0.97,0.01,0,0,0,0,0,0,1
4,0,45,9,30,93,0,1,1,1,0,0,0,0,1,0,0,255,248,0.97,0.01,0,0,0,0,0,0,1
4,0,45,9,28,93,0,1,1,1,0,0,0,0,1,0,0,255,248,0.97,0.01,0,0,0,0,0,0,1
4,0,45,9,30,93,0,1,1,1,0,0,0,0,1,0,0,255,248,0.97,0.01,0,0,0,0,0,0,1
4,0,45,9,30,93,0,1,1,1,0,0,0,0,1,0,0,255,248,0.97,0.01,0,0,0,0,0,0,1
4,0,45,9,30,93,0,1,1,1,0,0,0,0,1,0,0,255,248,0.97,0.01,0,0,0,0,0,0,1
3,0,45,9,28,93,0,1,1,1,0,0,0,0,1,0,0,255,248,0.97,0.01,0,0,0,0,0,0,1
5,0,45,9,30,93,0,1,1,1,0,0,0,0,1,0,0,255,248,0.97,0.01,0,0,0,0,0,0,1
4,0,45,9,30,93,0,1,1,1,0,0,0,0,1,0,0,255,248,0.97,0.01,0,0,0,0,0,0,1
4,0,45,9,30,93,0,1,1,1,0,0,0,0,1,0,0,255,248,0.97,0.01,0,0,0,0,0,0,1
4,0,45,9,28,93,0,1,1,1,0,0,0,0,1,0,0,255,248,0.97,0.01,0,0,0,0,0,0,1
4,0,45,9,30,93,0,1,1,1,0,0,0,0,1,0,0,255,248,0.97,0.01,0,0,0,0,0,0,1
4,0,45,9,30,93,0,1,1,1,0,0,0,0,1,0,0,255,248,0.97,0.01,0,0,0,0,0,0,1
4,0,45,9,30,93,0,1,1,1,0,0,0,0,1,0,0,255,248,0.97,0.01,0,0,0,0,0,0,1
3,0,45,9,28,93,0,1,1,1,0,0,0,0,1,0,0,255,248,0.97,0.01,0,0,0,0,0,0,1
4,0,45,9,30,93,0,1,1,1,0,0,0,0,1,0,0,255,248,0.97,0.01,0,0,0,0,0,0,1
4,0,45,9,30,93,0,1,1,1,0,0,0,0,1,0,0,255,248,0.97,0.01,0,0,0,0,0,0,1
4,0,45,9,30,93,0,1,1,1,0,0,0,0,1,0,0,255,248,0.97,0.01,0,0,0,0,0,0,1
4,0,45,9,28,93,0,1,1,1,0,0,0,0,1,0,0,255,248,0.97,0.01,0,0,0,0,0,0,1
4,0,45,9,30,93,0,1,1,1,0,0,0,0,1,0,0,255,248,0.97,0.01,0.01,0,0,0,0,0,1
4,0,45,9,30,93,0,1,1,1,0,0,0,0,1,0,0,255,248,0.97,0.01,0,0,0,0,0,0,1
4,0,45,9,30,93,0,1,1,1,0,0,0,0,1,0,0,255,248,0.97,0.01,0,0,0,0,0,0,1
4,0,45,9,28,93,0,1,1,1,0,0,0,0,1,0,0,255,248,0.97,0.01,0,0,0,0,0,0,1
4,0,45,9,30,93,0,1,1,1,0,0,0,0,1,0,0,255,248,0.97,0.01,0,0,0,0,0,0,1
4,0,45,9,30,93,0,1,1,1,0,0,0,0,1,0,0,255,248,0.97,0.01,0,0,0,0,0,0,1
4,0,45,9,30,93,0,1,1,1,0,0,0,0,1,0,0,255,248,0.97,0.01,0,0,0,0,0,0,1
4,0,45,9,28,93,0,1,1,1,0,0,0,0,1,0,0,255,248,0.97,0.01,0,0,0,0,0,0,1
4,0,45,9,30,93,0,1,1,1,0,0,0,0,1,0,0,255,248,0.97,0.01,0,0,0,0,0,0,1
4,0,45,9,30,93,0,1,1,1,0,0,0,0,1,0,0,255,248,0.97,0.01,0,0,0,0,0,0,1
3,0,45,9,30,93,0,1,1,1,0,0,0,0,1,0,0,255,248,0.97,0.01,0,0,0,0,0,0,1
4,0,45,9,28,93,0,1,1,1,0,0,0,0,1,0,0,255,248,0.97,0.01,0,0,0,0,0,0,1
4,0,45,9,30,93,0,1,1,1,0,0,0,0,1,0,0,255,248,0.97,0.01,0,0,0,0,0,0,1
4,0,45,9,30,93,0,1,1,1,0,0,0,0,1,0,0,255,248,0.97,0.01,0,0,0,0,0,0,1
4,0,45,9,30,93,0,1,1,1,0,0,0,0,1,0,0,255,248,0.97,0.01,0,0,0,0,0,0,1
4,0,45,9,28,93,0,1,1,1,0,0,0,0,1,0,0,255,248,0.97,0.01,0,0,0,0,0,0,1
4,0,45,9,30,93,0,1,1,1,0,0,0,0,1,0,0,255,248,0.97,0.01,0,0,0,0,0,0,1
4,0,45,9,30,93,0,1,1,1,0,0,0,0,1,0,0,255,248,0.97,0.01,0,0,0,0,0,0,1
4,0,45,9,30,93,0,1,1,1,0,0,0,0,1,0,0,255,248,0.97,0.01,0,0,0,0,0,0,1
4,0,45,9,28,93,0,1,1,1,0,0,0,0,1,0,0,255,248,0.97,0.01,0,0,0,0,0,0,1
4,0,45,9,30,93,0,1,1,1,0,0,0,0,1,0,0,255,248,0.97,0.01,0,0,0,0,0,0,1
4,0,45,9,30,93,0,1,1,1,0,0,0,0,1,0,0,255,248,0.97,0.01,0,0,0,0,0,0,1
4,0,45,9,30,93,0,1,1,1,0,0,0,0,1,0,0,255,248,0.97,0.01,0,0,0,0,0,0,1
4,0,45,9,28,93,0,1,1,1,0,0,0,0,1,0,0,255,248,0.97,0.01,0.01,0,0,0,0,0,1
4,0,45,9,30,93,0,1,1,1,0,0,0,0,1,0,0,255,248,0.97,0.01,0,0,0,0,0,0,1
4,0,45,9,30,93,0,1,1,1,0,0,0,0,1,0,0,255,248,0.97,0.01,0,0,0,0,0,0,1
4,0,45,9,30,93,0,1,1,1,0,0,0,0,1,0,0,255,248,0.97,0.01,0,0,0,0,0,0,1
4,0,45,9,28,93,0,1,1,1,0,0,0,0,1,0,0,255,248,0.97,0.01,0,0,0,0,0,0,1
4,0,45,9,30,93,0,1,1,1,0,0,0,0,1,0,0,255,248,0.97,0.01,0,0,0,0,0,0,1
4,0,45,9,30,93,0,1,1,1,0,0,0,0,1,0,0,255,248,0.97,0.01,0,0,0,0,0,0,1
4,0,45,9,30,93,0,1,1,1,0,0,0,0,1,0,0,255,248,0.97,0.01,0,0,0,0,0,0,1
4,0,45,9,28,93,0,1,1,1,0,0,0,0,1,0,0,255,248,0.97,0.01,0,0,0,0,0,0,1
4,0,45,9,30,93,0,1,1,1,0,0,0,0,1,0,0,255,248,0.97,0.01,0,0,0,0,0,0,1
4,0,45,9,30,93,0,1,1,1,0,0,0,0,1,0,0,255,248,0.97,0.01,0,0,0,0,0,0,1
4,0,45,9,30,93,0,1,1,1,0,0,0,0,1,0,0,255,248,0.97,0.01,0,0,0,0,0,0,1
4,0,45,9,28,93,0,1,1,1,0,0,0,0,1,0,0,255,248,0.97,0.01,0,0,0,0,0,0,1
4,0,45,9,30,93,0,1,1,1,0,0,0,0,1,0,0,255,248,0.97,0.01,0,0,0,0,0,0,1
4,0,45,9,30,93,0,1,1,1,0,0,0,0,1,0,0,255,248,0.97,0.01,0,0,0,0,0,0,1
4,0,45,9,30,93,0,1,1,1,0,0,0,0,1,0,0,255,248,0.97,0.01,0,0,0,0,0,0,1
4,0,45,9,28,93,0,1,1,1,0,0,0,0,1,0,0,255,248,0.97,0.01,0,0,0,0,0,0,1
4,0,45,9,30,93,0,1,1,1,0,0,0,0,1,0,0,255,248,0.97,0.01,0,0,0,0,0,0,1
4,0,45,9,30,93,0,1,1,1,0,0,0,0,1,0,0,255,248,0.97,0.01,0,0,0,0,0,0,1
4,0,45,9,30,93,0,1,1,1,0,0,0,0,1,0,0,255,248,0.97,0.01,0.01,0,0,0,0,0,1
4,0,45,9,28,93,0,1,1,1,0,0,0,0,1,0,0,255,248,0.97,0.01,0,0,0,0,0,0,1
4,0,45,9,30,93,0,1,1,1,0,0,0,0,1,0,0,255,249,0.98,0.01,0,0,0,0,0,0,1
4,0,45,9,30,93,0,1,1,1,0,0,0,0,1,0,0,255,249,0.98,0.01,0,0,0,0,0,0,1
4,0,45,9,30,93,0,1,1,1,0,0,0,0,1,0,0,255,249,0.98,0.01,0,0,0,0,0,0,1
4,0,45,9,28,93,0,1,1,1,0,0,0,0,1,0,0,255,249,0.98,0.01,0,0,0,0,0,0,1
4,0,45,9,30,93,0,1,1,1,0,0,0,0,1,0,0,255,249,0.98,0.01,0,0,0,0,0,0,1
4,0,45,9,30,93,0,1,1,1,0,0,0,0,1,0,0,255,249,0.98,0.01,0,0,0,0,0,0,1
4,0,45,9,30,93,0,1,1,1,0,0,0,0,1,0,0,255,249,0.98,0.01,0.01,0,0,0,0,0,1
4,0,45,9,28,93,0,1,1,1,0,0,0,0,1,0,0,255,249,0.98,0.01,0.01,0,0,0,0,0,1
4,0,45,9,30,93,0,1,1,1,0,0,0,0,1,0,0,255,249,0.98,0.01,0,0,0,0,0,0,1
4,0,45,9,30,93,0,1,1,1,0,0,0,0,1,0,0,255,249,0.98,0.01,0,0,0,0,0,0,1
4,0,45,9,30,93,0,1,1,1,0,0,0,0,1,0,0,255,249,0.98,0.01,0,0,0,0,0,0,1
4,0,45,9,28,93,0,1,1,1,0,0,0,0,1,0,0,255,249,0.98,0.01,0.01,0,0,0,0,0,1
4,0,45,9,30,93,0,1,1,1,0,0,0,0,1,0,0,255,249,0.98,0.01,0,0,0,0,0,0,1
4,0,45,9,30,93,0,1,1,1,0,0,0,0,1,0,0,255,249,0.98,0.01,0.01,0,0,0,0,0,1
4,0,45,9,30,93,0,1,1,1,0,0,0,0,1,0,0,255,249,0.98,0.01,0,0,0,0,0,0,1
4,0,45,9,28,93,0,1,1,1,0,0,0,0,1,0,0,255,249,0.98,0.01,0,0,0,0,0,0,1
4,0,45,9,30,93,0,1,1,1,0,0,0,0,1,0,0,255,249,0.98,0.01,0,0,0,0,0,0,1
4,0,45,9,30,93,0,1,1,1,0,0,0,0,1,0,0,255,249,0.98,0.01,0,0,0,0,0,0,1
4,0,45,9,30,93,0,1,1,1,0,0,0,0,1,0,0,255,249,0.98,0.01,0,0,0,0,0,0,1
4,0,45,9,28,93,0,1,1,1,0,0,0,0,1,0,0,255,249,0.98,0.01,0,0,0,0,0,0,1
4,0,45,9,30,93,0,1,1,1,0,0,0,0,1,0,0,255,249,0.98,0.01,0,0,0,0,0,0,1
4,0,45,9,30,93,0,1,1,1,0,0,0,0,1,0,0,255,249,0.98,0.01,0,0,0,0,0,0,1
4,0,45,9,30,93,0,1,1,1,0,0,0,0,1,0,0,255,249,0.98,0.01,0,0,0,0,0,0,1
4,0,45,9,28,93,0,1,1,1,0,0,0,0,1,0,0,255,249,0.98,0.01,0,0,0,0,0,0,1
4,0,45,9,30,93,0,1,1,1,0,0,0,0,1,0,0,255,249,0.98,0.01,0.01,0,0,0,0,0,1
4,0,45,9,30,93,0,1,1,1,0,0,0,0,1,0,0,255,249,0.98,0.01,0.01,0,0,0,0,0,1
4,0,45,9,30,93,0,1,1,1,0,0,0,0,1,0,0,255,249,0.98,0.01,0,0,0,0,0,0,1
5,0,45,9,28,93,0,1,1,1,0,0,0,0,1,0,0,255,249,0.98,0.01,0.01,0,0,0,0,0,1
4,0,45,9,30,93,0,1,1,1,0,0,0,0,1,0,0,255,249,0.98,0.01,0,0,0,0,0,0,1
4,0,45,9,30,93,0,1,1,1,0,0,0,0,1,0,0,255,249,0.98,0.01,0,0,0,0,0,0,1
4,0,45,9,30,93,0,1,1,1,0,0,0,0,1,0,0,255,249,0.98,0.01,0,0,0,0,0,0,1
4,0,45,9,28,93,0,1,1,1,0,0,0,0,1,0,0,255,249,0.98,0.01,0,0,0,0,0,0,1
4,0,45,9,30,93,0,1,1,1,0,0,0,0,1,0,0,255,249,0.98,0.01,0,0,0,0,0,0,1
4,0,45,9,30,93,0,1,1,1,0,0,0,0,1,0,0,255,249,0.98,0.01,0,0,0,0,0,0,1
4,0,45,9,30,93,0,1,1,1,0,0,0,0,1,0,0,255,249,0.98,0.01,0,0,0,0,0,0,1
4,0,45,9,28,93,0,1,1,1,0,0,0,0,1,0,0,255,249,0.98,0.01,0,0,0,0,0,0,1
4,0,45,9,30,93,0,1,1,1,0,0,0,0,1,0,0,255,249,0.98,0.01,0,0,0,0,0,0,1
4,0,45,9,30,93,0,1,1,1,0,0,0,0,1,0,0,255,249,0.98,0.01,0,0,0,0,0,0,1
4,0,45,9,30,93,0,1,1,1,0,0,0,0,1,0,0,255,249,0.98,0.01,0,0,0,0,0,0,1
4,0,45,9,28,93,0,1,1,1,0,0,0,0,1,0,0,255,249,0.98,0.01,0,0,0,0,0,0,1
4,0,45,9,30,93,0,1,1,1,0,0,0,0,1,0,0,255,249,0.98,0.01,0,0,0,0,0,0,1
4,0,45,9,30,93,0,1,1,1,0,0,0,0,1,0,0,255,249,0.98,0.01,0,0,0,0,0,0,1
4,0,45,9,30,93,0,1,1,1,0,0,0,0,1,0,0,255,249,0.98,0.01,0,0,0,0,0,0,1
4,0,45,9,28,93,0,1,1,1,0,0,0,0,1,0,0,255,249,0.98,0.01,0,0,0,0,0,0,1
4,0,45,9,30,93,0,1,1,1,0,0,0,0,1,0,0,255,249,0.98,0.01,0,0,0,0,0,0,1
4,0,45,9,30,93,0,1,1,1,0,0,0,0,1,0,0,255,249,0.98,0.01,0,0,0,0,0,0,1
4,0,45,9,30,93,0,1,1,1,0,0,0,0,1,0,0,255,249,0.98,0.01,0,0,0,0,0,0,1
5,0,45,9,28,93,0,1,1,1,0,0,0,0,1,0,0,255,249,0.98,0.01,0,0,0,0,0,0,1
4,0,45,9,30,93,0,1,1,1,0,0,0,0,1,0,0,255,249,0.98,0.01,0,0,0,0,0,0,1
4,0,45,9,30,93,0,1,1,1,0,0,0,0,1,0,0,255,249,0.98,0.01,0,0,0,0,0,0,1
4,0,45,9,30,93,0,1,1,1,0,0,0,0,1,0,0,255,249,0.98,0.01,0,0,0,0,0,0,1
5,0,45,9,28,93,0,1,1,1,0,0,0,0,1,0,0,255,248,0.97,0.01,0,0,0,0,0,0,1
4,0,45,9,30,93,0,1,1,1,0,0,0,0,1,0,0,255,248,0.97,0.01,0,0,0,0,0,0,1
4,0,45,9,30,93,0,1,1,1,0,0,0,0,1,0,0,255,248,0.97,0.01,0,0,0,0,0,0,1
4,0,45,9,30,93,0,1,1,1,0,0,0,0,1,0,0,255,248,0.97,0.01,0,0,0,0,0,0,1
4,0,45,9,28,93,0,1,1,1,0,0,0,0,1,0,0,255,248,0.97,0.01,0,0,0,0,0,0,1
4,0,45,9,30,93,0,1,1,1,0,0,0,0,1,0,0,255,248,0.97,0.01,0,0,0,0,0,0,1
4,0,45,9,30,93,0,1,1,1,0,0,0,0,1,0,0,255,248,0.97,0.01,0,0,0,0,0,0,1
4,0,45,9,30,93,0,1,1,1,0,0,0,0,1,0,0,255,248,0.97,0.01,0,0,0,0,0,0,1
4,0,45,9,28,93,0,1,1,1,0,0,0,0,1,0,0,255,248,0.97,0.01,0,0,0,0,0,0,1
4,0,45,9,30,93,0,1,1,1,0,0,0,0,1,0,0,255,248,0.97,0.01,0,0,0,0,0,0,1
0,0,47,4,0,0,0,0,1,1,0,0,1,1,1,0,0,205,1,0,0.68,0.67,0,0,0,0.69,1,2
0,0,47,4,0,0,0,0,1,1,0,0,1,1,1,0,0,226,1,0,0.69,0.69,0,0,0,0.7,1,2
0,0,47,4,0,0,0,0,1,1,0,0,1,1,1,0,0,231,1,0,0.69,0.69,0,0,0,0.7,1,2
0,0,47,4,0,0,0,0,1,1,0,0,1,1,1,0,0,255,1,0,0.72,0.72,0,0,0,0.73,1,2
0,0,47,4,0,0,0,0,1,1,0,0,1,1,1,0,0,255,1,0,0.72,0.71,0,0,0,0.71,1,2
0,0,47,4,0,0,0,0,1,1,0,0,1,1,1,0,0,255,1,0,0.73,0.71,0,0,0,0.72,1,2
0,0,47,4,0,0,0,0,1,1,0,0,1,1,1,0,0,255,1,0,0.8,0.78,0,0,0,0.79,1,2
0,0,47,4,0,0,0,0,1,1,0,0,1,1,1,0,0,255,1,0,0.8,0.77,0,0,0,0.78,1,2
0,0,47,4,0,0,0,0,1,1,0,0,1,1,1,0,0,255,1,0,0.47,0.46,0,0.12,0,0.46,1,2
0,0,47,4,0,0,0,0,1,1,0,0,1,1,1,0,0,255,1,0,0.09,0.07,0,0,0,1,1,2
0,0,47,4,0,0,0,0,1,1,0,0,1,1,1,0,0,255,1,0,0.76,0.75,0,0,0,0.75,1,2
0,0,47,4,0,0,0,0,1,1,0,0,1,1,1,0,0,255,1,0,0.94,0.93,0,0,0,0.93,1,2
0,0,47,4,0,0,0,0,1,1,0,0,1,1,1,0,0,255,1,0,0.93,0.92,0,0,0,0.91,1,2
0,0,47,4,0,0,0,0,1,1,0,0,1,1,1,0,0,255,1,0,0.91,0.89,0,0,0,0.89,1,2
0,0,47,4,0,0,0,0,1,1,0,0,1,1,1,0,0,255,1,0,0.89,0.87,0,0,0,0.86,1,2
0,0,47,4,0,0,0,0,1,1,0,0,1,1,1,0,0,255,1,0,0.89,0.87,0,0,0,0.87,1,2
0,0,47,4,0,0,0,0,1,1,0,0,1,1,1,0,0,255,1,0,0.89,0.87,0,0,0,0.87,1,2
0,0,47,4,0,0,0,0,1,1,0,0,1,1,1,0,0,255,1,0,0.89,0.87,0,0,0,0.86,1,2
0,0,47,4,0,0,0,0,1,1,0,0,1,1,1,0,0,255,1,0,0.89,0.87,0,0,0,0.86,1,2
0,0,47,0,0,0,0,0,1,1,0,0,0,0,1,0,0,255,1,0,0.89,0.87,0,0,0,0.86,0,2
0,0,47,4,0,0,0,0,1,1,0,0,1,1,1,0,0,255,1,0,0.88,0.86,0,0,0,0.85,1,2
0,0,47,4,0,0,0,0,1,1,0,0,1,1,1,0,0,255,1,0,0.86,0.84,0,0,0,0.83,1,2
0,0,47,4,0,0,0,0,1,1,0,0,1,1,1,0,0,255,1,0,0.81,0.79,0,0,0,0.78,1,2
0,0,47,4,0,0,0,0,1,1,0,0,1,1,1,0,0,255,1,0,0.8,0.78,0,0,0,0.76,1,2
0,0,47,4,0,0,0,0,1,1,0,0,1,1,1,0,0,11,1,0.09,1,0.73,0,0,0,0.73,1,2
0,0,47,4,0,0,0,0,1,1,0,0,1,1,1,0,0,40,1,0.03,0.85,0.82,0,0,0,0.82,1,2
0,0,47,4,0,0,0,0,1,1,0,0,1,1,1,0,0,47,1,0.02,0.83,0.83,0,0,0,0.83,1,2
0,0,47,4,0,0,0,0,1,1,0,0,1,1,1,0,0,74,1,0.01,0.78,0.78,0,0,0,0.78,1,2
0,0,47,4,0,0,0,0,1,1,0,0,1,1,1,0,0,191,1,0.01,0.66,0.66,0,0,0,0.68,1,2
0,0,47,4,0,0,0,0,1,1,0,0,1,1,1,0,0,235,1,0,0.69,0.69,0,0,0,0.69,1,2
0,0,39,4,0,0,0,0,1,1,0,0,1,1,1,0,0,255,1,0,0.71,0.71,0,0,0,0.72,1,2
0,0,47,4,0,0,0,0,1,1,0,0,1,1,1,0,0,255,1,0,0.72,0.71,0,0,0,0.72,1,2
0,0,47,4,0,0,0,0,1,1,0,0,1,1,1,0,0,255,1,0,0.8,0.78,0,0,0,0.78,1,2
0,0,47,4,0,0,0,0,1,1,0,0,1,1,1,0,0,255,1,0,0.78,0.77,0,0,0,0.77,1,2
0,0,47,4,0,0,0,0,1,1,0,0,1,1,1,0,0,255,1,0,0.8,0.78,0,0,0,0.78,1,2
0,0,47,4,0,0,0,0,1,1,0,0,1,1,1,0,0,255,1,0,0.79,0.78,0,0,0,0.78,1,2
0,0,47,4,0,0,0,0,1,1,0,0,1,1,1,0,0,255,1,0,0.8,0.78,0,0,0,0.78,1,2
0,0,47,4,0,0,0,0,1,1,0,0,1,1,1,0,0,255,1,0,0.8,0.78,0,0,0,0.79,1,2
0,0,47,4,0,0,0,0,1,1,0,0,1,1,1,0,0,255,1,0,0.8,0.78,0,0,0,0.79,1,2
0,0,47,4,0,0,0,0,1,1,0,0,1,1,1,0,0,255,1,0,0.8,0.78,0,0,0,0.79,1,2
0,0,47,4,0,0,0,0,1,1,0,0,1,1,1,0,0,255,1,0,0.8,0.78,0,0,0,0.79,1,2
0,0,47,4,0,0,0,0,1,1,0,0,1,1,1,0,0,255,1,0,0.8,0.78,0,0,0,0.78,1,2
0,0,47,4,0,0,0,0,1,1,0,0,1,1,1,0,0,255,1,0,0.81,0.78,0,0,0,0.8,1,2
0,0,47,4,0,0,0,0,1,1,0,0,1,1,1,0,0,255,1,0,0.82,0.8,0,0,0,0.82,1,2
0,0,47,4,0,0,0,0,1,1,0,0,1,1,1,0,0,255,1,0,0.83,0.81,0,0,0,0.82,1,2
0,0,47,4,0,0,0,0,1,1,0,0,1,1,1,0,0,255,1,0,0.84,0.81,0,0,0,0.82,1,2
0,0,47,4,0,0,0,0,1,1,0,0,1,1,1,0,0,255,1,0,0.85,0.84,0,0,0,0.85,1,2
0,0,47,4,0,0,0,0,1,1,0,0,1,1,1,0,0,255,1,0,0.85,0.84,0,0,0,0.85,1,2
0,0,47,4,0,0,0,0,1,1,0,0,1,1,1,0,0,255,1,0,0.87,0.85,0,0,0,0.86,1,2
0,0,47,0,0,0,0,0,1,1,0,0,0,0,1,0,0,255,1,0,0.87,0.85,0,0,0,0.85,0,2
0,0,47,4,0,0,0,0,1,1,0,0,1,1,1,0,0,255,1,0,0.88,0.86,0,0,0,0.86,1,2
0,0,47,4,0,0,0,0,1,1,0,0,1,1,1,0,0,255,1,0,0.87,0.85,0,0,0,0.86,1,2
0,0,47,4,0,0,0,0,1,1,0,0,1,1,1,0,0,255,1,0,0.87,0.85,0,0,0,0.86,1,2
0,0,47,4,0,0,0,0,1,1,0,0,1,1,1,0,0,255,1,0,0.89,0.87,0,0,0,0.87,1,2
0,0,47,4,0,0,0,0,1,1,0,0,1,1,1,0,0,255,1,0,0.87,0.85,0,0,0,0.86,1,2
0,0,47,4,0,0,0,0,1,1,0,0,1,1,1,0,0,255,1,0,0.87,0.85,0,0,0,0.86,1,2
0,0,47,4,0,0,0,0,1,1,0,0,1,1,1,0,0,255,1,0,0.87,0.85,0,0,0,0.86,1,2
0,0,47,4,0,0,0,0,1,1,0,0,1,1,1,0,0,255,1,0,0.87,0.85,0,0,0,0.86,1,2
0,0,47,4,0,0,0,0,2,1,0,0,0.5,1,0.5,1,0,255,1,0,0.82,0.8,0,0,0,0.8,1,2
0,0,47,4,0,0,0,0,2,1,0.5,0,0.5,1,0.5,1,0,255,1,0,0.59,0.58,0,0.24,0,0.57,1,2
0,0,47,4,0,0,0,0,1,1,0,0,1,1,1,0,0,255,1,0,0.11,0.11,0,0.47,0,0.11,1,2
0,0,47,4,0,0,0,0,1,1,0,0,1,1,1,0,0,255,1,0,0.2,0.2,0,0.39,0,0.2,1,2
0,0,47,4,0,0,0,0,1,1,0,0,1,1,1,0,0,255,1,0,0.25,0.25,0,0.33,0,0.25,1,2
0,0,47,4,0,0,0,0,1,1,0,0,1,1,1,0,0,255,1,0,0.27,0.26,0,0.31,0,0.27,1,2
0,0,47,4,0,0,0,0,1,1,0,0,1,1,1,0,0,255,1,0,0.29,0.29,0,0.29,0,0.29,1,2
0,0,47,4,0,0,0,0,1,1,0,0,1,1,1,0,0,255,1,0,0.39,0.38,0,0.18,0,0.39,1,2
0,0,47,4,0,0,0,0,1,1,0,0,1,1,1,0,0,255,1,0,0.52,0.51,0,0.07,0,0.51,1,2
0,0,47,4,0,0,0,0,1,1,0,0,1,1,1,0,0,255,1,0,0.53,0.52,0,0.05,0,0.52,1,2
0,0,47,4,0,0,0,0,1,1,0,0,1,1,1,0,0,255,1,0,0.53,0.52,0,0.05,0,0.52,1,2
0,0,47,4,0,0,0,0,1,1,0,0,1,1,1,0,0,255,1,0,0.57,0.56,0,0.01,0,0.56,1,2
0,0,47,4,0,0,0,0,1,1,0,0,1,1,1,0,0,255,1,0,0.59,0.58,0,0,0,0.58,1,2
0,0,47,4,0,0,0,0,1,1,0,0,1,1,1,0,0,255,1,0,0.64,0.63,0,0,0,0.63,1,2
0,0,47,4,0,0,0,0,1,1,0,0,1,1,1,0,0,255,1,0,0.75,0.74,0,0,0,0.73,1,2
0,0,47,4,0,0,0,0,1,1,0,0,1,1,1,0,0,255,1,0,0.65,0.63,0,0,0,0.93,1,2
0,0,47,4,0,0,0,0,1,1,0,0,1,1,1,0,0,255,1,0,0.09,0.07,0,0,0,1,1,2
0,0,47,4,0,0,0,0,1,1,0,0,1,1,1,0,0,255,1,0,0.08,0.06,0,0,0,1,1,2
0,0,47,4,0,0,0,0,1,1,0,0,1,1,1,0,0,255,1,0,0.09,0.07,0,0,0,0.99,1,2
0,0,47,4,0,0,0,0,1,1,0,0,1,1,1,0,0,255,1,0,0.11,0.09,0,0,0,0.99,1,2
0,0,47,4,0,0,0,0,1,1,0,0,1,1,1,0,0,255,1,0,0.1,0.08,0,0,0,0.99,1,2
0,0,47,4,0,0,0,0,1,1,0,0,1,1,1,0,0,255,1,0,0.1,0.08,0,0,0,0.99,1,2
0,0,42,4,0,0,0,0,1,1,0,0,1,1,1,0,0,255,1,0,0.12,0.1,0,0,0,0.99,1,2
0,0,42,4,0,0,0,0,2,1,0,0,0.5,1,0.5,1,0,255,1,0,0.16,0.14,0,0,0,0.88,1,2
0,0,42,4,0,0,0,0,3,1,0,0,0.33,1,0.33,0.67,0,255,1,0,0.04,0.04,0,0,0,0.04,1,2
0,0,42,4,0,0,0,0,3,1,0,0,0.33,1,0.33,0.67,0,255,1,0,0.04,0.04,0,0,0,0.04,1,2
0,0,42,4,0,0,0,0,3,1,0,0,0.33,1,0.33,0.67,0,255,1,0,0.04,0.03,0,0,0,0.03,1,2
0,0,42,4,0,0,0,0,3,1,0,0,0.33,1,0.33,0.67,0,255,1,0,0.04,0.04,0,0,0,0.04,1,2
0,0,42,4,0,0,0,0,3,1,0,0,0.33,1,0.33,0.67,0,255,1,0,0.04,0.04,0,0,0,0.04,1,2
0,0,42,4,0,0,0,0,3,1,0,0,0.33,1,0.33,0.67,0,255,1,0,0.04,0.04,0,0,0,0.04,1,2
0,0,42,4,0,0,0,0,2,1,0,0,0.5,1,0.5,1,0,255,1,0,0.04,0.04,0,0,0,0.04,1,2
0,0,42,4,0,0,0,0,3,1,0,0,0.33,1,0.33,0.67,0,255,1,0,0.04,0.04,0,0,0,0.04,1,2
0,0,42,4,0,0,0,0,4,1,0,0,0.25,1,0.25,0.5,0,255,1,0,0.04,0.04,0,0,0,0.04,1,2
0,0,42,4,0,0,0,0,3,1,0,0,0.33,1,0.33,0.67,0,255,1,0,0.04,0.04,0,0,0,0.04,1,2
0,0,42,4,0,0,0,0,3,1,0,0,0.33,1,0.33,0.67,0,255,1,0,0.04,0.04,0,0,0,0.04,1,2
0,0,42,4,0,0,0,0,4,1,0,0,0.25,1,0.25,0.5,0,255,1,0,0.04,0.03,0,0,0,0.03,1,2
0,0,42,4,0,0,0,0,3,1,0,0,0.33,1,0.33,0.67,0,255,1,0,0.04,0.04,0,0,0,0.04,1,2
0,0,42,4,0,0,0,0,3,1,0,0,0.33,1,0.33,0.67,0,255,1,0,0.04,0.04,0,0,0,0.04,1,2
0,0,42,4,0,0,0,0,2,1,0,0,0.5,1,0.5,1,0,255,1,0,0.04,0.04,0,0,0,0.04,1,2
0,0,42,4,0,0,0,0,3,1,0,0,0.33,1,0.33,0.67,0,255,1,0,0.04,0.04,0,0,0,0.04,1,2
0,0,42,4,0,0,0,0,2,1,0,0,0.5,1,0.5,1,0,255,1,0,0.05,0.04,0,0,0,0.04,1,2
0,0,42,4,0,0,0,0,3,1,0,0,0.33,1,0.33,0.67,0,255,1,0,0.04,0.03,0,0,0,0.03,1,2
0,0,42,4,0,0,0,0,3,1,0,0,0.33,1,0.33,0.67,0,255,1,0,0.05,0.04,0,0,0,0.03,1,2
0,0,42,4,0,0,0,0,1,1,0,0,1,1,1,0,0,255,1,0,0.08,0.07,0,0,0,0.07,1,2
0,0,42,4,0,0,0,0,1,1,0,0,1,1,1,0,0,255,1,0,0.12,0.11,0,0,0,0.1,1,2
0,0,47,0,0,0,0,0,1,1,0,0,0,0,1,0,0,255,1,0,0.07,0,0,0,0,0.9,0,2
0,0,10,4,0,0,0,0,1,1,0,0,1,1,1,0,0,255,1,0,0.09,0.02,0,0,0,0.9,1,2
0,0,16,4,0,0,0,0,1,1,0,0,1,1,1,0,0,255,1,0,0.14,0.08,0,0,0,0.9,1,2
0,0,47,4,0,0,0,0,1,1,0,0,1,1,1,0,0,255,1,0,0.16,0.11,0,0,0,0.9,1,2
0,0,47,4,0,0,0,0,1,1,0,0,1,1,1,0,0,255,1,0,0.29,0.25,0,0,0,0.9,1,2
0,0,21,4,0,0,0,0,1,1,0,0,1,1,1,0,0,255,1,0,0.35,0.31,0,0,0,0.9,1,2
0,0,47,4,0,0,0,0,1,1,0,0,1,1,1,0,0,255,1,0,0.36,0.32,0,0,0,0.9,1,2
0,0,47,4,0,0,0,0,1,1,0,0,1,1,1,0,0,255,1,0,0.39,0.35,0,0,0,0.9,1,2
0,0,47,4,0,0,0,0,1,1,0,0,1,1,1,0,0,255,1,0,0.43,0.39,0,0,0,0.9,1,2
0,0,47,4,0,0,0,0,1,1,0,0,1,1,1,0,0,255,1,0,0.5,0.47,0,0,0,0.9,1,2
0,0,47,4,0,0,0,0,1,1,0,0,1,1,1,0,0,255,1,0,0.51,0.48,0,0,0,0.9,1,2
0,0,47,4,0,0,0,0,1,1,0,0,1,1,1,0,0,255,1,0,0.52,0.49,0,0,0,0.9,1,2
0,0,35,4,0,0,0,0,1,1,0,0,1,1,1,0,0,255,1,0,0.57,0.54,0,0,0,0.9,1,2
0,0,47,4,0,0,0,0,1,1,0,0,1,1,1,0,0,255,1,0,0.59,0.56,0,0,0,0.9,1,2
0,0,47,4,0,0,0,0,1,1,0,0,1,1,1,0,0,255,1,0,0.62,0.59,0,0,0,0.9,1,2
0,0,47,4,0,0,0,0,1,1,0,0,1,1,1,0,0,255,1,0,0.62,0.59,0,0,0,0.9,1,2
0,0,47,4,0,0,0,0,1,1,0,0,1,1,1,0,0,255,1,0,0.64,0.62,0,0,0,0.9,1,2
0,0,47,4,0,0,0,0,1,1,0,0,1,1,1,0,0,255,1,0,0.65,0.63,0,0,0,0.9,1,2
0,0,47,4,0,0,0,0,1,1,0,0,1,1,1,0,0,255,1,0,0.66,0.64,0,0,0,0.9,1,2
0,0,47,4,0,0,0,0,1,1,0,0,1,1,1,0,0,255,1,0,0.82,0.8,0,0,0,0.9,1,2
0,0,47,4,0,0,0,0,1,1,0,0,1,1,1,0,0,255,1,0,0.85,0.84,0,0,0,0.9,1,2
0,0,47,4,0,0,0,0,1,1,0,0,1,1,1,0,0,255,1,0,0.85,0.84,0,0,0,0.9,1,2
0,0,47,4,0,0,0,0,1,1,0,0,1,1,1,0,0,255,1,0,0.89,0.88,0,0,0,0.9,1,2
0,0,47,4,0,0,0,0,1,1,0,0,1,1,1,0,0,255,1,0,0.91,0.9,0,0,0,0.9,1,2
0,0,47,4,0,0,0,0,1,1,0,0,1,1,1,0,0,255,1,0,0.93,0.92,0,0,0,0.91,1,2
0,0,47,4,0,0,0,0,1,1,0,0,1,1,1,0,0,255,1,0,0.95,0.94,0,0,0,0.93,1,2
0,0,47,4,0,0,0,0,1,1,0,0,1,1,1,0,0,255,1,0,1,1,0,0,0,1,1,2
0,0,47,4,0,0,0,0,1,1,0,0,1,1,1,0,0,255,1,0,1,1,0,0,0,1,1,2
0,0,47,4,0,0,0,0,1,1,0,0,1,1,1,0,0,255,1,0,1,1,0,0,0,1,1,2
0,0,47,4,0,0,0,0,1,1,0,0,1,1,1,0,0,255,1,0,1,1,0,0,0,1,1,2
0,0,47,4,0,0,0,0,1,1,0,0,1,1,1,0,0,255,1,0,1,1,0,0,0,1,1,2
0,0,47,4,0,0,0,0,1,1,0,0,1,1,1,0,0,255,1,0,1,1,0,0,0,1,1,2
0,0,47,4,0,0,0,0,1,1,0,0,1,1,1,0,0,255,1,0,1,1,0,0,0,1,1,2
0,0,47,4,0,0,0,0,1,1,0,0,1,1,1,0,0,255,1,0,1,1,0,0,0,1,1,2
0,0,47,4,0,0,0,0,1,1,0,0,1,1,1,0,0,255,1,0,1,1,0,0,0,1,1,2
0,0,47,4,0,0,0,0,1,1,0,0,1,1,1,0,0,255,1,0,1,1,0,0,0,1,1,2
0,0,47,4,0,0,0,0,1,1,0,0,1,1,1,0,0,255,1,0,1,1,0,0,0,1,1,2
0,0,47,4,0,0,0,0,1,1,0,0,1,1,1,0,0,255,1,0,1,1,0,0,0,1,1,2
0,0,47,4,0,0,0,0,1,1,0,0,1,1,1,0,0,255,1,0,1,1,0,0,0,1,1,2
0,0,47,4,0,0,0,0,1,1,0,0,1,1,1,0,0,255,1,0,1,1,0,0,0,1,1,2
0,0,47,4,0,0,0,0,1,1,0,0,1,1,1,0,0,255,1,0,1,1,0,0,0,1,1,2
0,0,47,4,0,0,0,0,1,1,0,0,1,1,1,0,0,255,1,0,1,1,0,0,0,1,1,2
0,0,47,4,0,0,0,0,1,1,0,0,1,1,1,0,0,255,1,0,1,1,0,0,0,1,1,2
0,0,47,4,0,0,0,0,1,1,0,0,1,1,1,0,0,255,1,0,1,1,0,0,0,1,1,2
0,0,47,4,0,0,0,0,1,1,0,0,1,1,1,0,0,255,1,0,1,1,0,0,0,1,1,2
0,0,47,4,0,0,0,0,1,1,0,0,1,1,1,0,0,255,1,0,1,1,0,0,0,1,1,2
0,0,47,4,0,0,0,0,1,1,0,0,1,1,1,0,0,255,1,0,1,1,0,0,0,1,1,2
