-3.38,11.45,11.84,-0.4,218466,11.84,11.34,1
0.6,21.76,21.59,0.13,177173,21.76,21.52,1
-0.68,13.05,13.17,-0.09,296568,13.17,12.99,1
-1.45,67.89,68.72,-1,166091,68.86,67.68,1
0.32,6.25,6.19,0.02,792334,6.26,6.05,1
-0.44,33.82,33.78,-0.15,1201923,34.03,33.44,1
0.89,53.27,52.7,0.47,786260,53.8,52.48,1
-0.54,25.75,25.93,-0.14,1220976,25.93,25.55,1
-0.16,36.59,36.7,-0.06,1944397,36.73,36.31,1
-0.64,18.57,18.65,-0.12,2567970,19.09,18.47,1
-0.49,46.62,46.83,-0.23,8243,46.83,45.99,1
-0.84,57.69,57.97,-0.49,1450770,58.08,57.48,1
0.73,37.5,37.11,0.27,2255070,37.56,36.9,1
-2.36,18.23,18.59,-0.44,112547,18.59,18.07,1
-2.79,20.19,20.78,-0.58,23752,20.78,20.02,1
0.78,19.5,19.35,0.15,310634,19.64,19.29,1
6.72,37.15,35.2,2.34,1132808,37.49,35.2,1
0.57,15.88,15.78,0.09,352986,15.92,15.51,1
-0.61,3.27,3.3,-0.02,1937071,3.35,3.19,1
-0.67,53.13,53.43,-0.36,755162,53.43,52.61,1
-0.54,11.11,11.14,-0.06,106165,11.17,11.06,1
-3.46,4.75,4.9,-0.17,102843,4.9,4.6,1
-0.16,74.15,74.17,-0.12,2764730,74.73,73.85,1
-0.49,16.36,16.48,-0.08,32196,16.48,16.28,1
1.34,10.56,10.4,0.14,20207,10.57,10.4,1
-0.28,25.07,25.21,-0.07,79879,25.274,24.98,1
1.33,15.25,15.07,0.2,238447,15.87,14.975,1
0.43,37.65,37.46,0.16,54927,37.68,37.14,1
-1.52,12.27,12.41,-0.19,3808002,12.43,12.14,1
-0.83,19.04,19.22,-0.16,41320210,19.25,18.91,1
0.91,13.35,13.23,0.12,256119,13.61,12.9,1
0.54,5.63,5.6,0.03,286542,5.65,5.58,1
-1.4,16.91,17.15,-0.24,309539,17.15,16.77,1
-1.04,53.05,53.21,-0.56,878214,53.68,52.25,1
1.26,12.88,12.7,0.16,301542,12.92,12.65,1
0.82,51.34,50.87,0.42,413555,51.4,50.6,1
-0.45,33.45,33.61,-0.15,192431,33.66,33.24,1
-0.65,15.2,15.29,-0.1,1056605,15.31,14.82,1
-0.86,47.12,47.63,-0.41,2867140,47.8,46.821,1
0.48,67.62,67.29,0.32,9684194,67.67,67.25,-3
-3.75,10.02,10.41,-0.39,486831,10.41,9.98,1
-1.79,4.93,5,-0.09,110656,5,4.88,1
0.11,87.1,86.97,0.1,491190,87.45,86.95,1
28.38,85.08,84.29,18.81,2118461,85.24,84.07,1
-1.03,67.15,68.17,-0.7,255067,68.17,66.71,1
-1.75,17.97,18.33,-0.32,2952120,18.38,17.91,1
0.51,37.56,37.31,0.19,114166,37.84,37.161,1
0.54,14.89,14.87,0.08,45926,15.01,14.76,1
-0.56,31.79,32.12,-0.18,6725157,32.29,31.51,-3
0.66,67.19,66.9,0.44,7142892,68.16,66.79,1
-0.81,53.78,54.17,-0.44,2576273,54.17,53.52,1
-5.1,8.75,9.2,-0.47,141202,9.2,8.52,1
1.66,25.67,25.24,0.42,176588,25.73,25.15,1
-0.62,8.02,8.01,-0.05,1140722,8.07,7.91,1
-0.36,8.19,8.1,-0.03,24522,8.2,8.02,1
0.86,4.67,4.63,0.04,1308455,4.69,4.52,1
0.22,13.46,13.46,0.03,1148188,13.48,13.32,1
3.12,11.9,11.76,0.36,3050807,12.1,11.54,1
1.41,9.32,9.41,0.13,2039132,9.44,9.15,1
-0.02,64.26,64.1,-0.01,9095128,64.5,63.95,-3
1.22,7.44,7.4,0.09,29795,7.44,7.27,1
-0.98,23.14,23.3,-0.23,2341064,23.305,23.02,1
1.32,79.8,78.54,1.04,2794600,80.43,78.49,1
1.42,9.97,9.84,0.14,582606,9.98,9.75,1
0.66,60.85,60.48,0.4,275428,60.91,60.25,1
1.84,80.46,78.97,1.45,407828,80.499,78.53,1
-5.84,2.74,2.91,-0.17,251381,2.93,2.74,1
1.65,1.23,1.21,0.02,354763,1.248,1.2,1
1.06,34.24,33.76,0.36,1845578,34.3,33.76,1
0.78,89.99,89.39,0.7,324603,90.25,89.232,1
-2.31,12.28,12.57,-0.29,534768,12.58,12.22,1
-0.89,11.18,11.35,-0.1,607480,11.36,11.05,1
0.74,63,62.59,0.46,781447,63.05,62.3,1
-1.16,88,88.75,-1.03,601489,88.75,87.38,1
0.05,37.82,37.74,0.02,11537256,37.86,37.55,-3
0.58,41.64,41.41,0.24,1884587,41.74,40.77,1
1.09,30.57,30.26,0.33,5992617,30.66,29.96,-3
0.2,4.96,4.94,0.01,159579,4.97,4.91,1
-0.91,41.57,41.88,-0.38,4259284,41.99,41.425,1
-0.35,19.76,19.8,-0.07,5484108,19.84,19.66,1
-0.45,24.55,24.67,-0.11,9385,24.67,24.29,1
0.27,44.17,43.43,0.12,2425199,44.64,43.07,1
3,6.19,6.03,0.18,1351753,6.25,6.03,1
-0.45,50.35,50.52,-0.23,177903,50.84,50.22,1
-0.45,96.7,96.64,-0.44,1309431,96.99,95.2,1
-1.21,22.89,23.09,-0.28,3152532,23.09,22.77,1
0.63,13.66,13.6,0.085,3950331,13.66,13.45,1
-0.56,30.31,30.48,-0.17,252288,30.55,30.049,1
-0.6,37.91,38.2,-0.23,23342,38.2,37.5,1
-0.41,41.4,41.72,-0.17,331074,41.74,40.42,1
-1,29.68,30.2,-0.3,6660807,30.32,29.59,-3
-2,26.51,26.93,-0.54,4212702,27.03,26.27,1
0.88,21.83,21.7,0.19,825615,21.88,21.63,1
-1.13,34.87,35.27,-0.4,236581,35.31,34.75,1
2.4,7.25,7.04,0.17,1080087,7.5,7.04,1
2.96,6.96,6.76,0.2,2429514,7.05,6.71,1
-0.34,11.8,11.83,-0.04,2956043,11.84,11.7,1
-2.26,9.94,10.02,-0.23,8296312,10.07,9.58,1
1.08,17.81,17.52,0.19,328103,17.97,17.46,1
-1.84,104.09,106,-1.95,15593,106,103.81,1
3.07,22.82,22.18,0.68,94762,22.87,21.91,1
0,1.71,1.72,0,191707,1.73,1.69,1
-0.76,6.55,6.47,-0.05,2672686,6.69,6.47,1
-1.63,44.53,45.29,-0.74,1639980,45.42,44.23,1
-0.74,55.32,55.73,-0.41,57369,55.73,54.94,1
-0.38,33.78,33.86,-0.13,1692175,33.91,33.2,1
4.4,7.36,7.04,0.31,56641,7.4,7.04,1
-0.42,44.91,44.95,-0.19,531575,45.11,44.82,1
2.24,41.92,41.27,0.92,1615023,42.55,41.11,1
1.91,3.2,3.12,0.06,91399,3.21,3.05,1
0.92,17.55,17.31,0.16,508572,17.56,17.12,1
-0.14,34.67,34.65,-0.05,1702750,34.92,34.6,1
0.53,15.19,15.3,0.08,10763152,15.34,15.05,1
0.69,13.21,13.12,0.09,8845207,13.25,13.06,-3
0.42,59.5,59.35,0.25,71542,59.92,59.146,1
-1.27,53.59,54.16,-0.69,2475560,54.39,53.53,1
-49.57,32.63,32.61,-32.07,1643377,32.96,32.01,1
-0.69,89.51,89.86,-0.62,3999647,90.57,89.22,1
3.24,11.16,10.81,0.35,61012,11.16,10.77,1
-0.07,41.12,41.13,-0.03,411210,41.39,40.68,1
0.18,10.95,10.95,0.02,1753808,11.18,10.9,1
0,8.13,8.18,0,28733,8.24,8.03,1
-0.58,42.9,43.24,-0.25,1226926,43.24,42.67,1
2.69,13.75,13.48,0.36,290816,13.86,13.29,1
-1.2,15.67,15.87,-0.19,43496374,15.92,15.55,1
-0.85,54.97,55.26,-0.47,409259,55.74,54.63,1
-0.3,10.1,10.19,-0.03,2268223,10.24,10.01,1
0.31,113.51,113.01,0.35,1347533,113.83,111.37,1
-1.83,9.12,9.37,-0.17,10994912,9.41,9.11,-3
0.07,13.7,13.71,0.01,13909637,13.79,13.36,1
-1.51,3.27,3.3,-0.05,1354049,3.33,3.22,1
4.48,1.4,1.37,0.06,1442206,1.44,1.35,1
1.26,27.34,26.94,0.34,80600,27.53,26.92,1
-0.5,19.74,19.82,-0.1,2562371,19.92,19.65,1
1.16,55.05,54.31,0.63,760876,55.27,54.191,1
-0.38,36.59,36.63,-0.14,9788503,36.85,36.43,-3
-1.03,84.81,85.5,-0.88,849588,85.5,84.4,1
0.81,47.52,47.28,0.38,102614,48.099,46.98,1
-0.47,25.39,25.48,-0.12,427840,25.67,25.37,1
-2.31,50.42,51.69,-1.19,1648246,51.88,49.86,1
-0.61,55.45,55.75,-0.34,1078097,55.9,55.235,1
-0.28,17.81,17.91,-0.05,27777,17.91,17.59,1
0.18,16.74,16.74,0.03,139367,16.8,16.65,1
0.83,1.22,1.23,0.01,474825,1.24,1.2,1
-0.01,85.64,85.41,-0.01,5039156,85.99,85.33,1
-2.38,12.69,12.91,-0.31,1039723,13,12.53,1
-0.05,56.09,56.01,-0.03,348115,56.42,55.76,1
-0.22,53.39,53.34,-0.12,9142242,53.555,53.02,-3
1.59,35.11,34.39,0.55,79204,35.12,34.18,1
0.75,10.72,10.64,0.08,31520,10.72,10.61,1
-0.29,27.91,28.04,-0.08,3021971,28.1,27.755,1
1.36,19.33,19.74,0.26,2944296,19.75,19.24,1
-0.56,24.76,24.8,-0.14,1852799,24.99,24.71,1
0,7.22,7.22,0,87100,7.28,7.15,1
-0.63,9.47,9.54,-0.06,67122,9.58,9.396,1
-1.02,4.84,4.85,-0.05,886663,4.89,4.76,1
-2.21,29.19,29.84,-0.66,261379,29.89,29.16,1
-0.47,34.04,34.2,-0.16,928346,34.21,33.9,1
-0.4,67.04,67.32,-0.27,252612,67.86,66.63,1
-4.56,2.93,3.11,-0.14,12970282,3.12,2.93,1
-0.48,50.07,50.06,-0.24,1119235,50.46,49.48,1
0.29,54.79,54.71,0.16,219971,54.93,54.47,1
0.32,12.67,12.68,0.04,895183,12.9,12.59,1
-0.6,18.17,18.34,-0.11,6076758,18.5,18.14,1
-0.52,51.52,51.72,-0.27,2909555,51.81,51.25,1
0.41,46.37,46.24,0.19,878566,46.96,46.14,1
0.38,39.29,39.01,0.15,999908,39.45,38.91,1
2.71,39.07,37.96,1.03,1248533,39.39,37.78,1
-3.45,1.12,1.17,-0.04,757968,1.2,1.11,1
0.31,73.9,73.67,0.23,1490651,74.19,73.21,1
-0.43,76.53,76.73,-0.33,622801,76.95,76.14,1
-0.56,53.66,53.79,-0.3,5400267,53.98,53.38,1
0.82,11.1,11.03,0.09,249561,11.185,10.98,1
-0.54,11.14,11.26,-0.06,299012,11.26,11.01,1
2.91,20.13,19.51,0.57,281530,20.17,19.48,1
0.11,47.04,46.99,0.05,185463,47.33,46.11,1
0.03,33.06,33.01,0.01,21036677,33.14,32.79,1
-1.89,70.77,71.74,-1.36,216192,72,70.59,1
-1.43,22.04,22.36,-0.32,90146,22.41,21.79,1
-0.45,50.74,50.89,-0.23,127710,50.89,50.37,1
1.03,105.16,104.11,1.07,6607200,105.76,104.11,-3
-1.61,23.19,23.62,-0.38,60038,23.68,22.854,1
-0.16,31.36,31.36,-0.05,16435,31.37,30.751,1
-0.83,8.33,8.43,-0.07,135908,8.56,8.28,1
0.26,30.88,30.79,0.08,82190,31.17,30.55,1
-0.77,84.55,85.38,-0.66,167948,85.38,84.4,1
1.01,9.01,8.92,0.09,247345,9.01,8.86,1
-1.51,3.91,3.98,-0.06,714637,4.03,3.88,1
-0.5,110.42,110.91,-0.55,468246,111.83,110.02,1
-3.07,11.05,11.42,-0.35,25643,11.42,10.96,1
0.7,57.94,57.27,0.4,2600625,58.57,56.69,1
-0.5,25.63,25.74,-0.13,274194,25.85,25.425,1
-1.22,22.7,22.94,-0.28,1165664,22.94,22.51,1
-0.59,32.28,32.54,-0.19,504932,32.54,32.18,1
-1.09,23.61,23.89,-0.26,945171,23.92,23.517,1
1.65,7.4,7.28,0.12,217663,7.467,7.19,1
3.57,28.15,27.25,0.97,4036529,28.18,27.2,1
-0.98,58.53,59.08,-0.58,2959649,59.5,58.46,1
1.31,53.48,53.19,0.69,2895178,53.7,52.4,1
0.92,32.82,32.43,0.3,289910,33,32.28,1
1.8,349.43,343,6.17,12556254,349.83,342.5,1
0.19,10.29,10.26,0.02,23749,10.29,10.19,1
-0.57,45.06,45.34,-0.26,969009,45.5,45.01,1
-0.38,15.86,15.9,-0.06,9011045,15.96,15.79,1
-0.37,6.71,6.79,-0.025,898989,6.8,6.58,1
-11.65,13.27,13.83,-1.75,2301472,14.02,13.11,1
-1.32,62.2,62.98,-0.83,2224623,63.14,62.2,1
-0.54,107.91,108.62,-0.59,1292181,109.14,107.56,1
-0.19,80.47,80.8,-0.15,787841,80.94,80.1,1
-0.19,108.41,107.92,-0.21,6639227,108.78,107.34,1
-1.23,13.69,13.86,-0.17,8686,13.86,13.6,1
0.46,32.71,32.5,0.15,221462,32.94,32.41,1
0.53,5.74,5.7,0.03,30358,5.75,5.41,1
-0.15,47.12,47.25,-0.07,359508,47.55,46.96,1
-0.26,66.04,66.22,-0.17,1124755,66.35,65.65,1
-0.62,25.74,25.86,-0.16,2269862,25.89,25.64,1
-2.91,18.36,18.93,-0.55,195939,19.07,18.29,1
-0.15,59.3,59.49,-0.09,2340279,59.5,58.99,1
-1.45,53.07,53.85,-0.78,1158341,53.85,52.55,1
-0.41,53.67,54,-0.22,2220733,54,53.51,1
-1.37,10.76,10.88,-0.15,378088,10.89,10.63,1
0.59,17.15,17.06,0.1,27042,17.16,16.79,1
-0.94,60.31,60.94,-0.57,2319028,60.99,60.02,1
0.23,52.36,52.29,0.12,2023705,52.7,51.99,1
1.47,17.22,17.11,0.25,1529082,17.41,16.78,1
-0.26,54.38,54.32,-0.14,2917732,54.59,53.88,1
0.48,25.28,25.15,0.12,137226,25.67,24.93,1
0.19,5.29,5.28,0.01,31246,5.3,5.25,1
0.42,121.43,121.34,0.51,1842121,124.59,120.5,1
0.16,82.71,81.58,0.13,4103,82.71,81.58,1
1.45,69.22,68.67,0.99,1262677,69.445,68.1,1
-0.49,24.4,24.53,-0.12,299705,24.6,24.35,1
-1.62,43.65,44.22,-0.72,617638,44.54,43.37,1
-1.74,86.77,88,-1.54,817865,88,86.57,1
1.45,24.42,24.15,0.35,163052,24.51,24.15,1
-0.13,39.3,39.4,-0.05,279213,39.65,39.04,1
1.55,33.34,32.87,0.51,1046728,33.4,32.53,1
-1.13,56.19,56.72,-0.64,3105662,56.9,55.91,1
-0.97,194.51,195.44,-1.91,393854,196.35,194.18,1
1.59,57.65,56.98,0.9,2303859,57.91,56.67,1
-0.39,91.49,91.6,-0.36,994933,91.76,91,1
1.97,9.33,9.19,0.18,50371,9.34,9.08,1
-0.08,121.44,121.76,-0.1,38426,122.04,120.08,1
0.23,60.84,60.63,0.14,333430,61.16,60.3,1
0.32,46.81,46.76,0.15,871019,47.75,46.53,1
-0.78,19.01,19.15,-0.15,1383784,19.15,18.96,1
-0.67,14.82,14.88,-0.1,86310,15,14.62,1
-0.86,15.05,15.17,-0.13,2163744,15.17,14.85,1
-0.86,15.05,15.17,-0.13,2163744,15.17,14.85,1
2.06,56.48,55.32,1.14,744591,56.58,54.88,1
0.48,44.1,43.78,0.21,12336053,44.35,43.28,-3
-0.06,54.44,54.36,-0.03,4216382,54.9,54.36,1
-0.35,17.32,17.48,-0.06,1788237,17.5,16.89,1
0.05,18.99,19.04,0.01,122191,19.3,18.98,1
0.54,16.84,16.77,0.09,26289,16.92,16.72,1
-5.05,22.73,23.87,-1.21,8253359,23.87,22.59,-3
4.9,3.21,3.05,0.15,456921,3.21,3.01,1
-0.68,7.35,7.4,-0.05,483958,7.45,7.26,1
-1.02,17.55,17.72,-0.18,1667484,17.74,17.45,1
3.91,71.41,69.17,2.69,2965515,71.67,68.65,1
-2.77,54.13,55.45,-1.54,3199037,55.45,53.52,1
-1.06,95.5,96.17,-1.02,1869514,96.25,95.2,1
-0.42,23.44,24,-0.1,1338077,24.12,23.4,1
1.26,13.63,13.51,0.17,793568,14,13.51,1
1.12,36.23,35.91,0.4,58726,36.49,35.91,1
2.12,10.1,9.88,0.21,1678471,10.19,9.78,1
0.59,1.71,1.7,0.01,1094605,1.72,1.66,1
-0.73,132.09,132.03,-0.97,965360,133.21,131.21,1
-0.04,50.34,50.42,-0.02,3308225,50.44,50.34,1
-1.12,8.79,8.81,-0.1,55535,8.88,8.74,1
-0.16,297.14,296.14,-0.48,289638,298.53,294.51,1
-1.36,12.33,12.48,-0.17,64270,12.49,12.14,1
1.64,34.13,33.68,0.55,103174,34.174,33.68,1
1.15,63.51,62.72,0.72,359740,63.55,62.09,1
0.85,95.91,95.26,0.81,173331,96.66,94.95,1
-0.64,10.89,10.98,-0.07,1999480,11.05,10.74,1
-2.1,4.67,4.73,-0.1,265578,4.77,4.66,1
-0.28,28.65,28.75,-0.08,337018,28.77,28.52,1
0.05,55.49,55.23,0.03,23076,55.72,55.05,1
2.75,53.75,52.79,1.44,1583562,53.99,52.59,1
0.7,62.86,62.38,0.44,74709,62.91,62.13,1
-0.38,60.77,61.01,-0.23,1706694,61.25,60.19,1
-1.79,32.92,33.4,-0.6,9269707,33.5,32.81,-3
4.63,6.1,5.84,0.27,121950,6.1,5.84,1
0.17,23.41,23,0.04,1121751,23.745,22.96,1
1.82,16.82,16.54,0.3,281236,16.89,16.54,1
-0.68,23.4,23.48,-0.16,3696175,23.55,23.29,1
-2.06,31.38,31.86,-0.66,81062,32.11,31.21,1
-1.12,7.96,8.07,-0.09,141536,8.07,7.89,1
1.52,44,43.34,0.66,123282,44,43.23,1
-2.03,40.61,41.24,-0.84,2451233,41.359,40.405,1
0.54,22.37,22.33,0.12,735536,22.48,22.09,1
-0.98,16.2,16.29,-0.16,6493139,16.29,16.01,-3
0.25,73.12,73.3,0.18,309794,73.3,72.551,1
-1.37,17.33,17.54,-0.24,16304,17.54,17.21,1
0.82,49.4,49.06,0.4,97647,49.49,48.861,1
3.12,24.75,24.06,0.75,84407,24.77,23.68,1
-1.4,47.35,47.93,-0.67,115507,48.55,47.3,1
-1.15,38.57,38.97,-0.45,613720,38.97,38.4,1
0.51,3.98,3.95,0.02,372819,4.02,3.89,1
-0.5,81.6,81.3,-0.41,18719042,82.12,81.258,-3
0.48,23.07,22.88,0.11,324554,23.21,22.88,1
0.28,24.92,24.85,0.07,688512,24.97,24.561,1
0.54,41.25,40.96,0.22,53681,41.4,40.591,1
0.03,36.02,36.01,0.01,28933,36.5,35.88,1
0.48,18.81,18.72,0.09,267567,18.83,18.32,1
-0.34,14.66,14.73,-0.05,1692118,14.9,14.64,1
0.48,52.01,51.85,0.25,4245037,52.39,51.61,1
1.11,4.56,4.49,0.05,52725,4.57,4.47,1
-4.18,3.44,3.58,-0.15,175932,3.58,3.39,1
-1.54,57.7,58.35,-0.9,489199,58.5,57.436,1
-1.41,26.52,26.93,-0.38,249617,26.99,26.29,1
2.27,21.16,20.71,0.47,329588,21.31,20.685,1
-0.98,31.18,31.35,-0.31,2753669,31.49,30.95,1
-0.56,24.8,24.87,-0.14,241524,24.9,24.69,1
-0.97,105.72,106.61,-1.04,1989615,106.64,105.18,1
1.71,56.49,55.55,0.95,96550,56.75,55.55,1
0.15,6.9,6.9,0.01,328538,7,6.86,1
0.44,38.87,38.83,0.17,2204965,38.93,38.44,1
0.37,78.265,78,0.285,117544,78.71,77.78,1
0.04,26.03,26.1,0.01,36964137,26.15,25.9,1
-1.17,37.9,38.41,-0.45,1553591,38.45,37.8,1
0.47,58.18,57.96,0.27,459379,58.78,57.79,1
-1.55,41.24,42.05,-0.65,985760,42.14,40.88,1
0.25,86.8,86.62,0.22,164949,87.23,86.16,1
2.53,22.67,22.17,0.56,29791,22.69,22.15,1
-0.54,96.15,96.4,-0.52,2485431,96.86,96.06,1
-1.41,7.71,7.81,-0.11,5138720,7.81,7.54,1
9.68,1.02,0.93,0.09,309862,1.05,0.925,1
-0.24,73.78,74,-0.18,2829060,74,73.355,1
-1.61,1.83,1.87,-0.03,638804,1.88,1.8,1
0.51,9.78,9.7,0.05,149299,9.8,9.62,1
-0.14,6.94,6.92,-0.01,137242,6.98,6.76,1
-0.48,31.26,31.4,-0.15,276582,31.44,31,1
1.51,97.91,96.63,1.46,548776,98.28,95.88,1
1.08,19.74,19.55,0.21,220051,19.77,19.48,1
0.13,23.87,23.84,0.03,2252247,23.89,23.66,1
0.43,14,13.95,0.06,130671,14,13.88,1
3.18,41.22,40,1.27,92255,41.7,39.46,1
2.88,10,9.82,0.28,142072,10.04,9.77,1
-0.46,13.12,12.93,-0.06,1854,13.23,12.93,1
-1.99,14.28,14.59,-0.29,73867,14.75,14.15,1
-0.72,42.57,42.89,-0.31,34274442,43,42.21,1
-0.25,103.94,103.61,-0.26,456292,104.34,102.21,1
3.68,8.48,8.16,0.301,214486,8.48,8.08,1
-0.31,32.68,32.78,-0.1,300845,32.78,32.56,1
0.28,7.07,7.06,0.02,261809,7.15,6.94,1
0.23,43.88,43.81,0.1,733430,44.08,43.28,1
0.13,46.38,46.22,0.06,2271953,46.51,46.04,1
5.93,1.25,1.18,0.07,3073136,1.27,1.15,1
2.16,47.76,46.75,1.01,139048,48,46.37,1
-0.31,52.27,52.41,-0.16,1171498,52.51,51.86,1
-1.22,41.43,41.98,-0.51,170043,41.98,41.15,1
1.67,1.22,1.22,0.02,128301,1.28,1.22,1
0.12,8.34,8.27,0.01,255519,8.48,8.12,1
-0.81,37.81,38.13,-0.31,192494,38.41,37.75,1
0.81,11.27,11.21,0.09,13329,11.27,11.06,1
0.32,15.51,15.48,0.05,1436072,15.62,15.3,1
0.39,18.13,17.9,0.07,14039418,18.2,17.839,1
-0.51,7.86,7.93,-0.04,806197,7.93,7.76,1
-0.76,15.64,15.78,-0.12,188686,15.858,15.35,1
0.47,315.96,312.42,1.49,1038486,317.73,312,1
-0.17,5.73,5.74,-0.01,732077,5.77,5.68,1
-0.15,51.97,52,-0.08,2349623,52.2,51.26,1
-3.03,8.95,9.02,-0.28,87433,9.09,8.68,1
0.41,2.42,2.4,0.01,494850,2.49,2.4,1
-0.21,28.89,28.9,-0.06,876057,29.1,28.49,1
2.39,77.83,76.25,1.82,2350714,78.43,75.36,1
0.35,17.33,17.2,0.06,50557,17.49,17,1
0.19,31.67,31.68,0.06,303175,31.88,31.52,1
1.96,65.09,64.03,1.25,289645,65.15,63.51,1
3.46,22.42,21.77,0.75,43761,23,21.25,1
-0.06,31.66,31.74,-0.02,18336794,31.78,31.56,-3
-0.3,26.76,26.81,-0.08,479944,26.84,26.47,1
0.54,24.32,24.25,0.13,5036800,24.84,24.15,1
2.46,57.86,56.57,1.39,1157329,58.18,56.47,1
0.63,39.97,39.77,0.25,9325007,40.18,39.6,-3
0.63,39.97,39.77,0.25,9325007,40.18,39.6,-3
-1.47,16.08,16.37,-0.24,2130713,16.39,16.07,1
0.48,175.37,173.52,0.83,4031892,175.4,173.52,1
-2.88,14.51,14.97,-0.43,19429,14.99,14.5,1
-1.87,38.75,39.35,-0.74,198101,39.5,38.66,1
0.86,9.38,9.3,0.08,680205,9.4,9.22,1
-0.74,46.98,47.15,-0.35,222497,47.54,46.5,1
-0.85,39.69,39.92,-0.34,112955,40.05,39.59,1
-1.72,82.19,83.94,-1.44,1096594,84,81.96,1
3.91,18.62,17.95,0.7,255110,18.68,17.94,1
-0.35,34.31,34.39,-0.12,104167,34.44,34.05,1
0.7,66.22,65.86,0.46,94898,66.26,65.11,1
-0.44,42.68,42.88,-0.19,104856,43.03,42.56,1
0.31,68.3,68.08,0.21,7269477,68.79,68.08,-3
-0.16,42.95,43.28,-0.07,12684,43.28,42.28,1
-0.06,17.04,17.06,-0.01,442505,17.16,16.89,1
1.68,52.15,51.2,0.86,10631204,52.5,50.97,-3
-2.95,20.1,20.66,-0.61,181972,20.74,19.91,1
2.99,3.79,3.68,0.11,107169,3.81,3.67,1
-0.83,10.7,10.79,-0.09,185557,10.81,10.62,1
0.2,20.48,20.44,0.04,274582,20.66,20.2,1
-1.8,25.59,26.01,-0.47,12200080,26.04,25.48,1
3.92,15.9,15.37,0.6,191873,15.9,15.32,1
-0.6,70.06,70.76,-0.42,586096,70.76,69.83,1
-1.74,18.67,18.92,-0.33,106231,19.05,18.53,1
-1.4,23.23,23.52,-0.33,579084,23.52,23.05,1
0.54,40.88,40.67,0.22,668262,40.94,40.31,1
0.13,45.18,45.17,0.06,424341,45.23,44.75,1
2.66,19.71,19.2,0.51,103121,19.769,19.12,1
2.19,81.14,79.36,1.74,1846398,81.57,79.065,1
0.59,27.2,27,0.16,205139,27.24,26.92,1
-1.21,17.93,18.11,-0.22,149582,18.11,17.86,1
4.67,1.12,1.1,0.05,3241398,1.14,1.08,1
-1.43,46.08,47.1,-0.67,3978363,47.25,45.55,1
0.43,48.78,48.7,0.21,1739279,48.89,48.37,1
-0.76,24.78,24.87,-0.19,4103126,24.91,24.69,1
0.48,4.22,4.19,0.02,797055,4.24,4.06,1
1.23,17.26,17.12,0.21,251929,17.31,16.92,1
0.14,41.59,41.6,0.06,141557,41.83,41.33,1
1.67,21.96,21.7,0.36,347841,22.13,21.58,1
-0.31,81.29,81.69,-0.25,1833842,81.945,80.97,1
0.52,38.44,38.17,0.2,165572,38.89,37.82,1
-0.29,10.39,10.44,-0.03,5558,10.47,10.241,1
0.62,24.53,24.38,0.15,36838,24.7,24.18,1
-5.08,1.87,1.98,-0.1,1427663,2,1.84,1
-0.03,28.92,29.34,-0.01,15585140,29.76,28.61,-3
-0.86,9.25,9.33,-0.08,274186,9.35,9.18,1
-1.86,2.69,2.75,-0.051,12610449,2.76,2.65,1
0.43,18.8,18.68,0.08,65718,18.85,18.52,1
1.13,1.79,1.76,0.02,49239,1.82,1.76,1
-4.42,6.05,6.3,-0.28,113962,6.35,6.05,1
-1.48,12.35,12.49,-0.185,277353,12.49,12.22,1
0.35,84.84,84.76,0.3,4812809,85.97,84.5,1
0.55,91.72,90.99,0.5,532843,92.1,90.89,1
-1.79,25.73,26.15,-0.47,855903,26.38,25.57,1
-0.24,8.36,8.38,-0.02,2479093,8.449,8.205,1
0.8,90.75,89.85,0.72,738614,91,88.601,1
-1.13,18.39,18.46,-0.21,466594,18.5,17.75,1
1.67,38.42,37.64,0.63,639940,38.74,37.31,1
-4.21,12.73,13.26,-0.56,109761,13.27,12.49,1
-0.19,71.97,71.94,-0.14,35786,72.3,71.41,1
-0.19,46.75,46.7,-0.09,167072,47.31,46.18,1
1.28,22.92,22.73,0.29,214330,23.03,22.582,1
0.85,66.31,65.5,0.56,223722,66.31,65.5,1
-0.87,41.21,41.4,-0.36,2543151,41.49,40.98,1
-0.3,43.45,43.92,-0.13,283043,44.29,43.273,1
-0.42,21.31,21.35,-0.09,920113,21.396,20.7,1
0.52,17.28,17.16,0.09,3387585,17.305,16.94,1
-1.55,23.48,23.74,-0.37,304265,23.98,23.29,1
1.62,25.15,24.83,0.4,5038,25.15,24.755,1
0.4,10.01,9.94,0.04,134459,10.01,9.89,1
-0.17,35.15,35.26,-0.06,449886,35.37,34.99,1
-0.26,31.01,31.04,-0.08,83894,31.78,30.89,1
1.2,21,20.62,0.25,1082471,21,20.6,1
0.52,15.48,15.4,0.08,113207,15.5,15.3,1
-2,17.13,17.43,-0.35,136944,17.43,17.07,1
-2.78,28,28.67,-0.8,22323,28.79,27.69,1
-0.11,54.88,54.95,-0.06,111486,55.43,54.742,1
-1.39,39.61,40.24,-0.56,4084880,40.34,39.54,1
-0.07,41,40.98,-0.03,2933685,41.14,40.69,1
-0.69,43.05,43.32,-0.3,666129,43.37,42.81,1
-0.16,48.92,48.86,-0.08,2791590,49.1,48.84,1
-1.32,41.03,41.51,-0.55,23247396,41.51,40.97,1
0.37,35.38,35.12,0.13,326780,35.65,35.04,1
0.42,35.62,35.39,0.15,9561365,35.7,35.39,-3
-3.22,3.91,4,-0.13,675342,4.04,3.79,1
0,1.78,1.78,0,107803,1.78,1.71,1
1.34,36.41,36.04,0.48,294256,36.489,35.67,1
-2.09,7.04,7.19,-0.15,110147,7.19,6.95,1
-1.64,15.88,16.13,-0.265,13224734,16.28,15.74,1
1.79,91.97,90.48,1.62,2008384,92.97,90.35,1
-0.9,8.8,8.76,-0.08,18846,8.82,8.67,1
0.93,25.97,25.75,0.24,12708553,26.14,25.7,1
0.93,25.97,25.75,0.24,12708553,26.14,25.7,1
0.17,17.59,17.64,0.03,1685030,17.8,17.27,1
1.17,26.01,25.74,0.3,965246,26.07,25.61,1
-2.02,98.15,100.32,-2.02,17103,100.32,97.01,1
3.5,7.1,6.83,0.24,1751618,7.31,6.8,1
-0.05,21.49,21.53,-0.01,233224,21.9,21.29,1
0.74,20.41,20.28,0.15,1149953,20.44,20.11,1
-2.63,4.08,4.2,-0.11,225886,4.2,4.08,1
-1.18,5.03,5.06,-0.06,96929,5.09,4.99,1
-0.64,7.78,7.88,-0.05,32154208,7.99,7.69,1
0.49,16.39,16.4,0.08,18848441,16.42,16.2,1
-0.07,14.97,14.91,-0.01,61608,14.995,14.77,1
-0.84,88.24,88.61,-0.75,932122,89.029,87.97,1
-0.94,35.92,36.2,-0.34,323344,36.2,35.71,1
-0.53,39.39,39.41,-0.21,8891,39.453,39.1,1
1.32,29.93,29.49,0.39,4801947,29.95,29.26,1
1.09,10.18,10.05,0.11,13577,10.18,9.82,1
0.6,402.05,398.29,2.38,3596,402.73,392.69,1
-1.9,13.97,14.25,-0.27,926874,14.25,13.97,1
-1.64,69.4,70.49,-1.16,319352,70.49,69.08,1
-1.1,8.11,8.2,-0.09,9446220,8.2,8.07,1
-2,19.11,19.64,-0.39,118548,19.64,18.58,1
-2.08,20.22,20.62,-0.43,668209,20.63,20.13,1
-0.19,62.31,62.4,-0.12,236045,62.4,61.94,1
3.24,33.47,32.47,1.05,818975,33.78,32.47,1
-0.47,6.41,6.45,-0.03,185808,6.47,6.25,1
1.52,43.45,43.6,0.65,6775523,43.99,43.215,-3
1.05,53.73,53.24,0.56,2821873,53.965,52.92,1
1.29,69.93,68.8,0.89,1723602,69.99,68.551,1
1.01,102.9,102.23,1.03,108242,103.325,100.3,1
1.38,30.92,30.55,0.42,58035,30.92,30.44,1
0.56,10.77,10.74,0.06,612046,10.83,10.69,1
1.23,47.03,46.47,0.57,2625811,47.41,45.99,1
-0.03,28.7,28.71,-0.01,690165,28.72,28.51,1
0.08,100.96,100.88,0.08,171881,101.3,100.43,1
-0.31,32.64,32.75,-0.1,8987003,32.88,32.37,1
1.77,213.19,208.76,3.7,3553009,214.45,208.73,1
-0.63,52,51.99,-0.33,1758755,52.2,51.54,1
-1.68,32.87,33.45,-0.56,2191505,33.45,32.79,1
0.18,21.91,21.76,0.04,23205,22.1,21.75,1
-0.9,10.99,11.06,-0.1,104999716,11.07,10.91,1
-0.28,42.82,42.94,-0.12,93525,43.13,42.57,1
0.81,38.7,38.28,0.31,99620,39.25,38.27,1
0,10.65,10.67,0,47300,10.7,10.41,1
8.07,289.63,276,21.64,8962334,291.23,275.71,-3
0.22,53.62,53.52,0.12,15678362,53.98,53.15,-3
0.75,34.7,34.39,0.26,123523,34.75,34.1,1
-3.16,65.17,66.83,-2.13,1367230,66.83,64.34,1
1.05,7.69,7.59,0.08,1207018,7.72,7.51,1
-0.74,28.1,28.3,-0.21,157719,28.35,27.75,1
0.24,20.48,20.44,0.05,6208870,20.75,20.3,-3
0.06,35.04,35.05,0.02,71095,35.13,34.54,1
0.74,19.17,19.03,0.14,517337,19.21,18.965,1
-0.09,11.48,11.52,-0.01,507762,11.54,11.361,1
1.38,8.83,8.86,0.12,3280842,8.99,8.71,1
-19.07,17.14,17.64,-4.04,2900701,18.57,17,1
0,6.25,6.25,0,881918,6.27,6.14,1
0.7,34.63,34.3,0.24,1650438,34.78,34.2,1
-0.01,67.46,67.23,-0.01,1190574,67.87,66.98,1
-0.7,15.54,15.73,-0.11,672676,15.94,15.43,1
-0.98,33.25,33.71,-0.33,1000213,33.71,32.96,1
0.8,8.83,8.76,0.07,535167,8.85,8.75,1
-1.23,12.84,13.04,-0.16,485710,13.15,12.79,1
-7.13,4.95,5.31,-0.38,1418261,5.32,4.86,1
-2.92,41.89,43.05,-1.26,693692,43.08,41.67,1
-1.75,33.15,33.66,-0.59,1367559,33.66,33.03,1
-0.49,16.16,16.22,-0.08,66799,16.25,16.12,1
1.15,18.49,18.28,0.21,157559,18.57,18.05,1
-1.45,40.9,41.63,-0.6,234689,41.63,40.85,1
0.87,64.65,64.27,0.56,2899799,65.65,63.69,1
0.85,16.64,16.51,0.14,148895,16.68,16.45,1
-0.22,26.84,26.83,-0.06,8004908,27.01,26.76,-3
-0.74,10.8,10.85,-0.08,557309,10.93,10.63,1
-6.16,1.37,1.49,-0.09,1111124,1.49,1.36,1
-0.8,72.17,73.13,-0.58,235085,73.13,71.97,1
-1.69,17.47,17.71,-0.3,3900088,17.71,17.25,1
-0.87,50.38,50.43,-0.44,324987,50.94,50.06,1
0.41,12.18,12.09,0.05,118482,12.24,12.05,1
0.97,138.93,137.77,1.34,201276,139.09,136.79,1
0.18,90.37,90.21,0.16,42772,90.73,89.34,1
-1.2,74.9,75.54,-0.91,1879498,75.81,74.415,1
-2.59,45.84,46.92,-1.22,3845241,47,45.69,1
-0.74,24.15,24.33,-0.18,909781,24.33,24.11,1
-1.29,20.61,20.88,-0.27,188687,21.05,20.49,1
1.84,44.91,44.22,0.81,1862424,45.2,43.77,1
-0.33,18.4,18.41,-0.06,1236967,18.55,18.29,1
-1.5,13.09,13.29,-0.2,12633168,13.3,13,1
0,25.39,25.31,0,1870625,25.43,25.06,1
-1.05,22.7,22.94,-0.24,23270,22.94,22.5,1
-1.17,27.14,27.44,-0.32,699955,27.44,27.09,1
-0.71,11.15,11.25,-0.08,681988,11.25,10.93,1
-0.77,16.82,16.95,-0.13,906281,17,16.74,1
1.11,38.38,38.01,0.42,93207,38.52,37.86,1
-1.12,38.12,38.55,-0.43,213110,38.6,37.95,1
-1.82,37.29,37.88,-0.69,493003,37.88,36.97,1
-1.44,17.77,17.99,-0.26,480014,17.99,17.55,1
-0.03,31.52,31.42,-0.01,3329955,31.6,31.24,1
1.06,4.75,4.74,0.05,89112,4.75,4.71,1
0.58,20.83,20.74,0.12,150462,20.9,20.66,1
2.37,30.25,29.56,0.7,144016,30.37,29.34,1
0.39,28.1,28.04,0.11,28151,28.18,27.41,1
-0.14,28.77,28.86,-0.04,426107,29.06,28.71,1
-0.86,70.6,70.87,-0.61,1092223,71.65,70.39,1
5.29,2.19,2.09,0.11,1249948,2.31,2.05,1
1.05,18.36,18.17,0.19,119096,18.44,18.17,1
-0.29,30.96,31.04,-0.09,1460999,31.18,30.79,1
0.3,33.9,33.82,0.1,96578,34,33.76,1
0.06,83.93,83.57,0.05,136918,84.07,83.475,1
-1.62,19.47,19.79,-0.32,669296,19.8,19.22,1
-0.11,36.88,36.77,-0.04,4312423,37.14,36.56,1
-0.99,15.97,16.13,-0.16,2961086,16.19,15.86,1
-0.24,37.81,37.92,-0.09,167796,37.92,37.66,1
0.76,66.6,66.13,0.5,779,66.6,65.47,1
0.19,20.76,20.69,0.04,884496,20.78,20.45,1
-0.39,17.86,17.91,-0.07,177504,18.11,17.85,1
1.21,66.73,66.01,0.8,1016814,67.69,65.68,1
0.06,54.04,54.05,0.03,29275,54.44,53.97,1
-0.12,74.15,74.11,-0.09,716346,74.43,73.74,1
-2.03,26.98,27.51,-0.56,1371725,27.51,26.955,1
0.78,45.31,44.99,0.35,62911,45.43,44.9,1
1.79,106.7,105.1,1.88,270266,107.16,104.505,1
-0.76,5.23,5.27,-0.04,200768,5.27,5.16,1
1.07,11.31,11.3,0.12,44094,11.65,11.144,1
0.65,6.19,6.15,0.04,523189,6.33,6.09,1
0.18,22.24,22.1,0.04,30845,22.38,21.97,1
-0.74,6.73,6.74,-0.05,10506,6.74,6.64,1
-1.48,19.24,19.55,-0.29,4546090,19.58,19.18,1
8.2,0.66,0.632,0.05,2383142,0.69,0.632,1
1.06,151.16,149.87,1.59,1546145,151.44,148.41,1
0.98,66.72,66.5,0.65,1126981,66.75,66.1,1
-0.26,11.38,11.54,-0.03,1498512,11.67,11.25,1
1.1,11.98,11.82,0.13,326012,12.37,11.761,1
0.32,12.6,12.5,0.04,113697,12.64,12.3,1
-2.75,68.52,70.24,-1.94,159890,70.68,67.3,1
-1.56,44.84,45.26,-0.71,989006,45.26,44.58,1
0.08,96.19,96.02,0.08,43359,96.22,95.31,1
0.48,23.14,22.95,0.11,41569,23.199,22.55,1
1.48,21.32,20.86,0.31,1380359,21.39,20.86,1
-0.53,7.45,7.5,-0.04,370372,7.52,7.37,1
-0.29,20.65,20.68,-0.06,653467,20.8,20.43,1
0.34,74.53,74.21,0.25,411831,75.05,73.99,1
0.97,16.64,16.49,0.16,207603,16.75,16.34,1
-0.66,36.22,36.32,-0.24,353651,36.5,36.05,1
1.89,40.95,40.17,0.76,7199989,41.11,39.77,-3
1.17,106.75,105.6,1.23,3287143,107.5,105.49,1
0.9,20.23,20.06,0.18,2794157,20.46,20.03,1
-5.22,1.27,1.32,-0.07,9291616,1.33,1.23,1
-0.16,6.07,6.09,-0.01,17582,6.09,6,1
-0.2,83.58,83.72,-0.17,761845,83.97,83.18,1
-0.31,35.49,35.51,-0.11,8809577,35.69,35.44,-3
1.76,145.87,145.81,2.524,9690897,146.3,142.92,1
-0.17,29.76,29.78,-0.05,3446226,29.88,29.59,1
0.45,64.03,63.76,0.285,977472,64.14,63.44,1
-1.23,31.3,31.69,-0.39,835335,31.97,31.12,1
0,0.23,0.22,0,183764,0.235,0.212,1
0,56.87,56.84,0,125933,57.01,56.29,1
-0.25,20.11,20.165,-0.05,17324,20.165,19.87,1
1.03,78.81,78.57,0.8,158375,79,78.12,1
-0.69,7.2,7.23,-0.05,2835431,7.25,7.14,1
0.03,36.14,36.25,0.01,165947,36.42,36.01,1
1.09,76.15,75.56,0.82,92610,77.22,74.66,1
-0.98,13.15,13.26,-0.13,99932,13.26,12.95,1
0.35,81.06,80.74,0.28,1245043,81.49,79.93,1
0.15,32.98,32.92,0.05,200940,33.13,32.6,1
-3.15,25.85,26.63,-0.84,1359258,26.8,25.72,1
1.55,9.8,9.69,0.15,111805,9.83,9.554,1
2.62,37.15,36.83,0.95,747675,37.33,36.73,1
0.14,20.78,20.68,0.03,30924921,20.8,20.65,1
0.1,41.3,41.32,0.04,104317,41.46,40.97,1
-0.06,44.145,44.18,-0.025,5895384,44.21,44.11,1
0.82,38.12,37.84,0.31,792112,38.21,37.66,1
1.42,7.12,7.05,0.1,373348,7.12,6.96,1
0.31,12.75,12.68,0.04,7183889,12.87,12.64,1
-2.61,14.91,15.28,-0.4,974258,15.28,14.82,1
-0.35,11.25,11.35,-0.04,350834,11.4,11.06,1
2.42,21.56,21.11,0.51,152535,21.6,21.11,1
-0.09,81.2,81.25,-0.07,940312,81.72,80.82,1
0.57,26.63,26.54,0.15,352903,26.68,26.27,1
0,16.98,16.94,0,18207868,17.15,16.93,1
0.04,25.15,25.14,0.01,200453,25.28,24.86,1
-0.28,78.45,78.51,-0.22,219173,78.9,77.84,1
-1.19,44.69,45.26,-0.54,2767188,45.27,44.47,1
-1.37,16.56,16.8,-0.23,166551,16.8,16.49,1
2.11,2.9,2.86,0.06,254849,2.91,2.85,1
-5.57,5.26,5.6,-0.31,407000,5.6,5.26,1
0.1,38.56,38.53,0.04,3483927,38.62,38.23,1
-1.75,24.67,25.05,-0.44,81413,25.15,24.23,1
0.45,24.44,24.4,0.11,91005,24.63,23.87,1
-0.92,63.82,64.12,-0.59,1605572,64.23,62.37,1
-0.37,32.35,32.59,-0.12,726349,32.77,31.978,1
1.89,24.79,24.34,0.46,50951,24.88,24.07,1
-0.55,27.06,27.08,-0.15,476590,27.19,26.98,1
2.06,10.92,10.72,0.22,51549,10.99,10.7,1
-0.22,9.15,9.17,-0.02,1059825,9.18,9.15,1
1.38,16.95,16.77,0.23,3224900,16.99,16.655,1
-2.04,25.87,26.4,-0.54,4275108,26.4,25.54,1
-1.91,34.36,35.08,-0.67,4706905,35.19,34.05,1
0,5.33,5.34,0,8870,5.71,4.99,1
-0.7,53.94,54.13,-0.38,4732088,54.32,53.46,1
-0.44,47.7,47.91,-0.21,217486,48.07,47.65,1
1.85,28.56,28.04,0.52,41375,28.56,27.92,1
1.15,49.4,48.71,0.56,562613,49.71,48.63,1
-0.62,57.92,58.18,-0.36,4544097,58.25,57.68,1
-0.48,20.66,20.83,-0.1,1423749,20.92,20.24,1
7668,64.4,7,-0.01,211005,10,22220,-1
86647,32.5,8,-0.08,7165,11,22230,-1
72354,24.3,9,0.77,3345285,12,22240,-1
120242.333,27.2,10,0.48,195202,13,22250,-1
152585.333,10.7,11,0.1,374042,14,22260,-1
184928.333,9.17,0,4.62,430020,15,22270,-1
217271.333,16.7,1,0.31,149535,16,22280,-1
249614.333,26.4,2,1.51,762112,17,22290,-1
281957.333,35,3,0.65,14764168,18,22300,-1
314300.333,5.33,4,1.02,590736,19,22310,-1
346643.333,54.3,5,-0.05,284742,20,22320,-1
378986.333,47.9,6,6.54,228489,21,22330,-1
411329.333,28.1,7,1.46,2153833,22,22340,-1
443672.333,48.8,8,0.28,218789,23,22350,-1
476015.333,58.3,9,0.17,1040310,24,22360,-1
508358.333,20.8,2,1.46,872728,25,22370,-1
3,1500,3,5016,0,26,18,-1
4,1500,4,5017,0,27,19,-1
5,1500,5,5018,0,28,20,-1
6,1500,6,5019,0,29,21,-1
6,1500,6,5019,0,29,21,-1
6,1500,6,5019,0,29,21,-1
6,1500,6,5019,0,29,21,-1
6,1500,6,5019,0,29,21,-1
6,1500,6,5019,0,29,21,-1
6,1500,6,5019,0,29,21,-1
6,1500,6,5019,0,29,21,-1
6,1500,6,5019,0,29,21,-1
6,1500,6,5019,0,29,21,-1
6,1500,6,5019,0,29,21,-1
6,1500,6,5019,0,29,21,-1
0,0,611,3011,0,0,0,-1
0,0,612,3012,0,0,0,-1
0,0,613,3013,0,0,0,-1
0,0,614,3014,0,0,0,-1
0,0,615,3015,0,0,0,-1
0,0,616,3016,0,0,0,-1
0,0,617,3017,0,0,0,-1
0,0,618,3018,0,0,0,-1
0,0,619,3019,0,0,0,-1
0,0,620,3020,0,0,0,-1
0,0,621,3021,0,0,0,-1
50,255,0,3221,10000,22,622,-2
600,4221,100,0,566,4211,1000,-2
4112,1121,235,3222,0,32110,500,-2
333,566,3226,1002,43261,622,2350,-2
50,86,6800,5421,20000,52,894,-2
6222,700,3000,98,9888,2000,623,-2
20,8888,652,4009,3553,6554,35,-2
2,0,78500,6350,0,88,2350,-2
15640,533,9630,200,1,666,7725,-2
6000,965,20013,72,8000,25530,77,-2
5,255,0,3221,100,22000,622,-2
600,4221,100,0,566,4211,1000,-2
4112,1121,235,3222,0,32110,500,-2
333,566,3226,1002,43261,622,2350,-2
50,8069,68,5421,20000,52,894,-2
